mode,subset,komoditas,window_size,window_ke,hari_1,hari_2,hari_3,hari_4,hari_5,hari_6,hari_7,target_hari_8
univariate,train,Beras,7,0,0.25,0.25,0.25,0.25,0.25,0.25,0.25,0.25
univariate,train,Beras,7,1,0.25,0.25,0.25,0.25,0.25,0.25,0.25,0.25
univariate,train,Beras,7,2,0.25,0.25,0.25,0.25,0.25,0.25,0.25,0.25
univariate,train,Beras,7,3,0.25,0.25,0.25,0.25,0.25,0.25,0.25,0.25
univariate,train,Beras,7,4,0.25,0.25,0.25,0.25,0.25,0.25,0.25,0.25
univariate,train,Beras,7,5,0.25,0.25,0.25,0.25,0.25,0.25,0.25,0.25
univariate,train,Beras,7,6,0.25,0.25,0.25,0.25,0.25,0.25,0.25,0.25
univariate,train,Beras,7,7,0.25,0.25,0.25,0.25,0.25,0.25,0.25,0.25
univariate,train,Beras,7,8,0.25,0.25,0.25,0.25,0.25,0.25,0.25,0.25
univariate,train,Beras,7,9,0.25,0.25,0.25,0.25,0.25,0.25,0.25,0.265625
univariate,train,Beras,7,10,0.25,0.25,0.25,0.25,0.25,0.25,0.265625,0.3125
univariate,train,Beras,7,11,0.25,0.25,0.25,0.25,0.25,0.265625,0.3125,0.3125
univariate,train,Beras,7,12,0.25,0.25,0.25,0.25,0.265625,0.3125,0.3125,0.3125
univariate,train,Beras,7,13,0.25,0.25,0.25,0.265625,0.3125,0.3125,0.3125,0.3125
univariate,train,Beras,7,14,0.25,0.25,0.265625,0.3125,0.3125,0.3125,0.3125,0.3125
univariate,train,Beras,7,15,0.25,0.265625,0.3125,0.3125,0.3125,0.3125,0.3125,0.3125
univariate,train,Beras,7,16,0.265625,0.3125,0.3125,0.3125,0.3125,0.3125,0.3125,0.3125
univariate,train,Beras,7,17,0.3125,0.3125,0.3125,0.3125,0.3125,0.3125,0.3125,0.3125
univariate,train,Beras,7,18,0.3125,0.3125,0.3125,0.3125,0.3125,0.3125,0.3125,0.3125
univariate,train,Beras,7,19,0.3125,0.3125,0.3125,0.3125,0.3125,0.3125,0.3125,0.3125
univariate,train,Beras,7,20,0.3125,0.3125,0.3125,0.3125,0.3125,0.3125,0.3125,0.3125
univariate,train,Beras,7,21,0.3125,0.3125,0.3125,0.3125,0.3125,0.3125,0.3125,0.3125
univariate,train,Beras,7,22,0.3125,0.3125,0.3125,0.3125,0.3125,0.3125,0.3125,0.3125
univariate,train,Beras,7,23,0.3125,0.3125,0.3125,0.3125,0.3125,0.3125,0.3125,0.3125
univariate,train,Beras,7,24,0.3125,0.3125,0.3125,0.3125,0.3125,0.3125,0.3125,0.3125
univariate,train,Beras,7,25,0.3125,0.3125,0.3125,0.3125,0.3125,0.3125,0.3125,0.3125
univariate,train,Beras,7,26,0.3125,0.3125,0.3125,0.3125,0.3125,0.3125,0.3125,0.3125
univariate,train,Beras,7,27,0.3125,0.3125,0.3125,0.3125,0.3125,0.3125,0.3125,0.3125
univariate,train,Beras,7,28,0.3125,0.3125,0.3125,0.3125,0.3125,0.3125,0.3125,0.3125
univariate,train,Beras,7,29,0.3125,0.3125,0.3125,0.3125,0.3125,0.3125,0.3125,0.3125
univariate,train,Beras,7,30,0.3125,0.3125,0.3125,0.3125,0.3125,0.3125,0.3125,0.3125
univariate,train,Beras,7,31,0.3125,0.3125,0.3125,0.3125,0.3125,0.3125,0.3125,0.375
univariate,train,Beras,7,32,0.3125,0.3125,0.3125,0.3125,0.3125,0.3125,0.375,0.375
univariate,train,Beras,7,33,0.3125,0.3125,0.3125,0.3125,0.3125,0.375,0.375,0.375
univariate,train,Beras,7,34,0.3125,0.3125,0.3125,0.3125,0.375,0.375,0.375,0.375
univariate,train,Beras,7,35,0.3125,0.3125,0.3125,0.375,0.375,0.375,0.375,0.375
univariate,train,Beras,7,36,0.3125,0.3125,0.375,0.375,0.375,0.375,0.375,0.375
univariate,train,Beras,7,37,0.3125,0.375,0.375,0.375,0.375,0.375,0.375,0.375
univariate,train,Beras,7,38,0.375,0.375,0.375,0.375,0.375,0.375,0.375,0.375
univariate,train,Beras,7,39,0.375,0.375,0.375,0.375,0.375,0.375,0.375,0.375
univariate,train,Beras,7,40,0.375,0.375,0.375,0.375,0.375,0.375,0.375,0.375
univariate,train,Beras,7,41,0.375,0.375,0.375,0.375,0.375,0.375,0.375,0.375
univariate,train,Beras,7,42,0.375,0.375,0.375,0.375,0.375,0.375,0.375,0.375
univariate,train,Beras,7,43,0.375,0.375,0.375,0.375,0.375,0.375,0.375,0.375
univariate,train,Beras,7,44,0.375,0.375,0.375,0.375,0.375,0.375,0.375,0.375
univariate,train,Beras,7,45,0.375,0.375,0.375,0.375,0.375,0.375,0.375,0.375
univariate,train,Beras,7,46,0.375,0.375,0.375,0.375,0.375,0.375,0.375,0.375
univariate,train,Beras,7,47,0.375,0.375,0.375,0.375,0.375,0.375,0.375,0.375
univariate,train,Beras,7,48,0.375,0.375,0.375,0.375,0.375,0.375,0.375,0.375
univariate,train,Beras,7,49,0.375,0.375,0.375,0.375,0.375,0.375,0.375,0.375
univariate,train,Beras,7,50,0.375,0.375,0.375,0.375,0.375,0.375,0.375,0.375
univariate,train,Beras,7,51,0.375,0.375,0.375,0.375,0.375,0.375,0.375,0.375
univariate,train,Beras,7,52,0.375,0.375,0.375,0.375,0.375,0.375,0.375,0.375
univariate,train,Beras,7,53,0.375,0.375,0.375,0.375,0.375,0.375,0.375,0.359375
univariate,train,Beras,7,54,0.375,0.375,0.375,0.375,0.375,0.375,0.359375,0.359375
univariate,train,Beras,7,55,0.375,0.375,0.375,0.375,0.375,0.359375,0.359375,0.359375
univariate,train,Beras,7,56,0.375,0.375,0.375,0.375,0.359375,0.359375,0.359375,0.359375
univariate,train,Beras,7,57,0.375,0.375,0.375,0.359375,0.359375,0.359375,0.359375,0.359375
univariate,train,Beras,7,58,0.375,0.375,0.359375,0.359375,0.359375,0.359375,0.359375,0.359375
univariate,train,Beras,7,59,0.375,0.359375,0.359375,0.359375,0.359375,0.359375,0.359375,0.359375
univariate,train,Beras,7,60,0.359375,0.359375,0.359375,0.359375,0.359375,0.359375,0.359375,0.359375
univariate,train,Beras,7,61,0.359375,0.359375,0.359375,0.359375,0.359375,0.359375,0.359375,0.359375
univariate,train,Beras,7,62,0.359375,0.359375,0.359375,0.359375,0.359375,0.359375,0.359375,0.359375
univariate,train,Beras,7,63,0.359375,0.359375,0.359375,0.359375,0.359375,0.359375,0.359375,0.359375
univariate,train,Beras,7,64,0.359375,0.359375,0.359375,0.359375,0.359375,0.359375,0.359375,0.359375
univariate,train,Beras,7,65,0.359375,0.359375,0.359375,0.359375,0.359375,0.359375,0.359375,0.359375
univariate,train,Beras,7,66,0.359375,0.359375,0.359375,0.359375,0.359375,0.359375,0.359375,0.359375
univariate,train,Beras,7,67,0.359375,0.359375,0.359375,0.359375,0.359375,0.359375,0.359375,0.359375
univariate,train,Beras,7,68,0.359375,0.359375,0.359375,0.359375,0.359375,0.359375,0.359375,0.359375
univariate,train,Beras,7,69,0.359375,0.359375,0.359375,0.359375,0.359375,0.359375,0.359375,0.359375
univariate,train,Beras,7,70,0.359375,0.359375,0.359375,0.359375,0.359375,0.359375,0.359375,0.359375
univariate,train,Beras,7,71,0.359375,0.359375,0.359375,0.359375,0.359375,0.359375,0.359375,0.359375
univariate,train,Beras,7,72,0.359375,0.359375,0.359375,0.359375,0.359375,0.359375,0.359375,0.359375
univariate,train,Beras,7,73,0.359375,0.359375,0.359375,0.359375,0.359375,0.359375,0.359375,0.359375
univariate,train,Beras,7,74,0.359375,0.359375,0.359375,0.359375,0.359375,0.359375,0.359375,0.34375
univariate,train,Beras,7,75,0.359375,0.359375,0.359375,0.359375,0.359375,0.359375,0.34375,0.3125
univariate,train,Beras,7,76,0.359375,0.359375,0.359375,0.359375,0.359375,0.34375,0.3125,0.3125
univariate,train,Beras,7,77,0.359375,0.359375,0.359375,0.359375,0.34375,0.3125,0.3125,0.3125
univariate,train,Beras,7,78,0.359375,0.359375,0.359375,0.34375,0.3125,0.3125,0.3125,0.3125
univariate,train,Beras,7,79,0.359375,0.359375,0.34375,0.3125,0.3125,0.3125,0.3125,0.3125
univariate,train,Beras,7,80,0.359375,0.34375,0.3125,0.3125,0.3125,0.3125,0.3125,0.3125
univariate,train,Beras,7,81,0.34375,0.3125,0.3125,0.3125,0.3125,0.3125,0.3125,0.3125
univariate,train,Beras,7,82,0.3125,0.3125,0.3125,0.3125,0.3125,0.3125,0.3125,0.3125
univariate,train,Beras,7,83,0.3125,0.3125,0.3125,0.3125,0.3125,0.3125,0.3125,0.3125
univariate,train,Beras,7,84,0.3125,0.3125,0.3125,0.3125,0.3125,0.3125,0.3125,0.3125
univariate,train,Beras,7,85,0.3125,0.3125,0.3125,0.3125,0.3125,0.3125,0.3125,0.3125
univariate,train,Beras,7,86,0.3125,0.3125,0.3125,0.3125,0.3125,0.3125,0.3125,0.3125
univariate,train,Beras,7,87,0.3125,0.3125,0.3125,0.3125,0.3125,0.3125,0.3125,0.3125
univariate,train,Beras,7,88,0.3125,0.3125,0.3125,0.3125,0.3125,0.3125,0.3125,0.3125
univariate,train,Beras,7,89,0.3125,0.3125,0.3125,0.3125,0.3125,0.3125,0.3125,0.3125
univariate,train,Beras,7,90,0.3125,0.3125,0.3125,0.3125,0.3125,0.3125,0.3125,0.3125
univariate,train,Beras,7,91,0.3125,0.3125,0.3125,0.3125,0.3125,0.3125,0.3125,0.3125
univariate,train,Beras,7,92,0.3125,0.3125,0.3125,0.3125,0.3125,0.3125,0.3125,0.3125
univariate,train,Beras,7,93,0.3125,0.3125,0.3125,0.3125,0.3125,0.3125,0.3125,0.3125
univariate,train,Beras,7,94,0.3125,0.3125,0.3125,0.3125,0.3125,0.3125,0.3125,0.3125
univariate,train,Beras,7,95,0.3125,0.3125,0.3125,0.3125,0.3125,0.3125,0.3125,0.3125
univariate,train,Beras,7,96,0.3125,0.3125,0.3125,0.3125,0.3125,0.3125,0.3125,0.34375
univariate,train,Beras,7,97,0.3125,0.3125,0.3125,0.3125,0.3125,0.3125,0.34375,0.34375
univariate,train,Beras,7,98,0.3125,0.3125,0.3125,0.3125,0.3125,0.34375,0.34375,0.34375
univariate,train,Beras,7,99,0.3125,0.3125,0.3125,0.3125,0.34375,0.34375,0.34375,0.34375
univariate,train,Beras,7,100,0.3125,0.3125,0.3125,0.34375,0.34375,0.34375,0.34375,0.34375
univariate,train,Beras,7,101,0.3125,0.3125,0.34375,0.34375,0.34375,0.34375,0.34375,0.34375
univariate,train,Beras,7,102,0.3125,0.34375,0.34375,0.34375,0.34375,0.34375,0.34375,0.34375
univariate,train,Beras,7,103,0.34375,0.34375,0.34375,0.34375,0.34375,0.34375,0.34375,0.34375
univariate,train,Beras,7,104,0.34375,0.34375,0.34375,0.34375,0.34375,0.34375,0.34375,0.34375
univariate,train,Beras,7,105,0.34375,0.34375,0.34375,0.34375,0.34375,0.34375,0.34375,0.34375
univariate,train,Beras,7,106,0.34375,0.34375,0.34375,0.34375,0.34375,0.34375,0.34375,0.34375
univariate,train,Beras,7,107,0.34375,0.34375,0.34375,0.34375,0.34375,0.34375,0.34375,0.34375
univariate,train,Beras,7,108,0.34375,0.34375,0.34375,0.34375,0.34375,0.34375,0.34375,0.34375
univariate,train,Beras,7,109,0.34375,0.34375,0.34375,0.34375,0.34375,0.34375,0.34375,0.34375
univariate,train,Beras,7,110,0.34375,0.34375,0.34375,0.34375,0.34375,0.34375,0.34375,0.34375
univariate,train,Beras,7,111,0.34375,0.34375,0.34375,0.34375,0.34375,0.34375,0.34375,0.34375
univariate,train,Beras,7,112,0.34375,0.34375,0.34375,0.34375,0.34375,0.34375,0.34375,0.34375
univariate,train,Beras,7,113,0.34375,0.34375,0.34375,0.34375,0.34375,0.34375,0.34375,0.34375
univariate,train,Beras,7,114,0.34375,0.34375,0.34375,0.34375,0.34375,0.34375,0.34375,0.34375
univariate,train,Beras,7,115,0.34375,0.34375,0.34375,0.34375,0.34375,0.34375,0.34375,0.34375
univariate,train,Beras,7,116,0.34375,0.34375,0.34375,0.34375,0.34375,0.34375,0.34375,0.34375
univariate,train,Beras,7,117,0.34375,0.34375,0.34375,0.34375,0.34375,0.34375,0.34375,0.34375
univariate,train,Beras,7,118,0.34375,0.34375,0.34375,0.34375,0.34375,0.34375,0.34375,0.3125
univariate,train,Beras,7,119,0.34375,0.34375,0.34375,0.34375,0.34375,0.34375,0.3125,0.3125
univariate,train,Beras,7,120,0.34375,0.34375,0.34375,0.34375,0.34375,0.3125,0.3125,0.3125
univariate,train,Beras,7,121,0.34375,0.34375,0.34375,0.34375,0.3125,0.3125,0.3125,0.3125
univariate,train,Beras,7,122,0.34375,0.34375,0.34375,0.3125,0.3125,0.3125,0.3125,0.3125
univariate,train,Beras,7,123,0.34375,0.34375,0.3125,0.3125,0.3125,0.3125,0.3125,0.3125
univariate,train,Beras,7,124,0.34375,0.3125,0.3125,0.3125,0.3125,0.3125,0.3125,0.3125
univariate,train,Beras,7,125,0.3125,0.3125,0.3125,0.3125,0.3125,0.3125,0.3125,0.3125
univariate,train,Beras,7,126,0.3125,0.3125,0.3125,0.3125,0.3125,0.3125,0.3125,0.3125
univariate,train,Beras,7,127,0.3125,0.3125,0.3125,0.3125,0.3125,0.3125,0.3125,0.3125
univariate,train,Beras,7,128,0.3125,0.3125,0.3125,0.3125,0.3125,0.3125,0.3125,0.3125
univariate,train,Beras,7,129,0.3125,0.3125,0.3125,0.3125,0.3125,0.3125,0.3125,0.3125
univariate,train,Beras,7,130,0.3125,0.3125,0.3125,0.3125,0.3125,0.3125,0.3125,0.3125
univariate,train,Beras,7,131,0.3125,0.3125,0.3125,0.3125,0.3125,0.3125,0.3125,0.3125
univariate,train,Beras,7,132,0.3125,0.3125,0.3125,0.3125,0.3125,0.3125,0.3125,0.3125
univariate,train,Beras,7,133,0.3125,0.3125,0.3125,0.3125,0.3125,0.3125,0.3125,0.3125
univariate,train,Beras,7,134,0.3125,0.3125,0.3125,0.3125,0.3125,0.3125,0.3125,0.3125
univariate,train,Beras,7,135,0.3125,0.3125,0.3125,0.3125,0.3125,0.3125,0.3125,0.3125
univariate,train,Beras,7,136,0.3125,0.3125,0.3125,0.3125,0.3125,0.3125,0.3125,0.3125
univariate,train,Beras,7,137,0.3125,0.3125,0.3125,0.3125,0.3125,0.3125,0.3125,0.3125
univariate,train,Beras,7,138,0.3125,0.3125,0.3125,0.3125,0.3125,0.3125,0.3125,0.3125
univariate,train,Beras,7,139,0.3125,0.3125,0.3125,0.3125,0.3125,0.3125,0.3125,0.296875
univariate,train,Beras,7,140,0.3125,0.3125,0.3125,0.3125,0.3125,0.3125,0.296875,0.28125
univariate,train,Beras,7,141,0.3125,0.3125,0.3125,0.3125,0.3125,0.296875,0.28125,0.28125
univariate,train,Beras,7,142,0.3125,0.3125,0.3125,0.3125,0.296875,0.28125,0.28125,0.28125
univariate,train,Beras,7,143,0.3125,0.3125,0.3125,0.296875,0.28125,0.28125,0.28125,0.28125
univariate,train,Beras,7,144,0.3125,0.3125,0.296875,0.28125,0.28125,0.28125,0.28125,0.28125
univariate,train,Beras,7,145,0.3125,0.296875,0.28125,0.28125,0.28125,0.28125,0.28125,0.28125
univariate,train,Beras,7,146,0.296875,0.28125,0.28125,0.28125,0.28125,0.28125,0.28125,0.28125
univariate,train,Beras,7,147,0.28125,0.28125,0.28125,0.28125,0.28125,0.28125,0.28125,0.28125
univariate,train,Beras,7,148,0.28125,0.28125,0.28125,0.28125,0.28125,0.28125,0.28125,0.28125
univariate,train,Beras,7,149,0.28125,0.28125,0.28125,0.28125,0.28125,0.28125,0.28125,0.28125
univariate,train,Beras,7,150,0.28125,0.28125,0.28125,0.28125,0.28125,0.28125,0.28125,0.28125
univariate,train,Beras,7,151,0.28125,0.28125,0.28125,0.28125,0.28125,0.28125,0.28125,0.28125
univariate,train,Beras,7,152,0.28125,0.28125,0.28125,0.28125,0.28125,0.28125,0.28125,0.28125
univariate,train,Beras,7,153,0.28125,0.28125,0.28125,0.28125,0.28125,0.28125,0.28125,0.28125
univariate,train,Beras,7,154,0.28125,0.28125,0.28125,0.28125,0.28125,0.28125,0.28125,0.28125
univariate,train,Beras,7,155,0.28125,0.28125,0.28125,0.28125,0.28125,0.28125,0.28125,0.28125
univariate,train,Beras,7,156,0.28125,0.28125,0.28125,0.28125,0.28125,0.28125,0.28125,0.28125
univariate,train,Beras,7,157,0.28125,0.28125,0.28125,0.28125,0.28125,0.28125,0.28125,0.28125
univariate,train,Beras,7,158,0.28125,0.28125,0.28125,0.28125,0.28125,0.28125,0.28125,0.28125
univariate,train,Beras,7,159,0.28125,0.28125,0.28125,0.28125,0.28125,0.28125,0.28125,0.28125
univariate,train,Beras,7,160,0.28125,0.28125,0.28125,0.28125,0.28125,0.28125,0.28125,0.28125
univariate,train,Beras,7,161,0.28125,0.28125,0.28125,0.28125,0.28125,0.28125,0.28125,0.28125
univariate,train,Beras,7,162,0.28125,0.28125,0.28125,0.28125,0.28125,0.28125,0.28125,0.28125
univariate,train,Beras,7,163,0.28125,0.28125,0.28125,0.28125,0.28125,0.28125,0.28125,0.28125
univariate,train,Beras,7,164,0.28125,0.28125,0.28125,0.28125,0.28125,0.28125,0.28125,0.28125
univariate,train,Beras,7,165,0.28125,0.28125,0.28125,0.28125,0.28125,0.28125,0.28125,0.28125
univariate,train,Beras,7,166,0.28125,0.28125,0.28125,0.28125,0.28125,0.28125,0.28125,0.28125
univariate,train,Beras,7,167,0.28125,0.28125,0.28125,0.28125,0.28125,0.28125,0.28125,0.28125
univariate,train,Beras,7,168,0.28125,0.28125,0.28125,0.28125,0.28125,0.28125,0.28125,0.28125
univariate,train,Beras,7,169,0.28125,0.28125,0.28125,0.28125,0.28125,0.28125,0.28125,0.28125
univariate,train,Beras,7,170,0.28125,0.28125,0.28125,0.28125,0.28125,0.28125,0.28125,0.28125
univariate,train,Beras,7,171,0.28125,0.28125,0.28125,0.28125,0.28125,0.28125,0.28125,0.28125
univariate,train,Beras,7,172,0.28125,0.28125,0.28125,0.28125,0.28125,0.28125,0.28125,0.28125
univariate,train,Beras,7,173,0.28125,0.28125,0.28125,0.28125,0.28125,0.28125,0.28125,0.28125
univariate,train,Beras,7,174,0.28125,0.28125,0.28125,0.28125,0.28125,0.28125,0.28125,0.28125
univariate,train,Beras,7,175,0.28125,0.28125,0.28125,0.28125,0.28125,0.28125,0.28125,0.28125
univariate,train,Beras,7,176,0.28125,0.28125,0.28125,0.28125,0.28125,0.28125,0.28125,0.28125
univariate,train,Beras,7,177,0.28125,0.28125,0.28125,0.28125,0.28125,0.28125,0.28125,0.28125
univariate,train,Beras,7,178,0.28125,0.28125,0.28125,0.28125,0.28125,0.28125,0.28125,0.28125
univariate,train,Beras,7,179,0.28125,0.28125,0.28125,0.28125,0.28125,0.28125,0.28125,0.28125
univariate,train,Beras,7,180,0.28125,0.28125,0.28125,0.28125,0.28125,0.28125,0.28125,0.28125
univariate,train,Beras,7,181,0.28125,0.28125,0.28125,0.28125,0.28125,0.28125,0.28125,0.28125
univariate,train,Beras,7,182,0.28125,0.28125,0.28125,0.28125,0.28125,0.28125,0.28125,0.28125
univariate,train,Beras,7,183,0.28125,0.28125,0.28125,0.28125,0.28125,0.28125,0.28125,0.28125
univariate,train,Beras,7,184,0.28125,0.28125,0.28125,0.28125,0.28125,0.28125,0.28125,0.25
univariate,train,Beras,7,185,0.28125,0.28125,0.28125,0.28125,0.28125,0.28125,0.25,0.25
univariate,train,Beras,7,186,0.28125,0.28125,0.28125,0.28125,0.28125,0.25,0.25,0.25
univariate,train,Beras,7,187,0.28125,0.28125,0.28125,0.28125,0.25,0.25,0.25,0.25
univariate,train,Beras,7,188,0.28125,0.28125,0.28125,0.25,0.25,0.25,0.25,0.25
univariate,train,Beras,7,189,0.28125,0.28125,0.25,0.25,0.25,0.25,0.25,0.25
univariate,train,Beras,7,190,0.28125,0.25,0.25,0.25,0.25,0.25,0.25,0.25
univariate,train,Beras,7,191,0.25,0.25,0.25,0.25,0.25,0.25,0.25,0.25
univariate,train,Beras,7,192,0.25,0.25,0.25,0.25,0.25,0.25,0.25,0.25
univariate,train,Beras,7,193,0.25,0.25,0.25,0.25,0.25,0.25,0.25,0.25
univariate,train,Beras,7,194,0.25,0.25,0.25,0.25,0.25,0.25,0.25,0.25
univariate,train,Beras,7,195,0.25,0.25,0.25,0.25,0.25,0.25,0.25,0.25
univariate,train,Beras,7,196,0.25,0.25,0.25,0.25,0.25,0.25,0.25,0.25
univariate,train,Beras,7,197,0.25,0.25,0.25,0.25,0.25,0.25,0.25,0.25
univariate,train,Beras,7,198,0.25,0.25,0.25,0.25,0.25,0.25,0.25,0.25
univariate,train,Beras,7,199,0.25,0.25,0.25,0.25,0.25,0.25,0.25,0.25
univariate,train,Beras,7,200,0.25,0.25,0.25,0.25,0.25,0.25,0.25,0.25
univariate,train,Beras,7,201,0.25,0.25,0.25,0.25,0.25,0.25,0.25,0.25
univariate,train,Beras,7,202,0.25,0.25,0.25,0.25,0.25,0.25,0.25,0.25
univariate,train,Beras,7,203,0.25,0.25,0.25,0.25,0.25,0.25,0.25,0.25
univariate,train,Beras,7,204,0.25,0.25,0.25,0.25,0.25,0.25,0.25,0.25
univariate,train,Beras,7,205,0.25,0.25,0.25,0.25,0.25,0.25,0.25,0.234375
univariate,train,Beras,7,206,0.25,0.25,0.25,0.25,0.25,0.25,0.234375,0.234375
univariate,train,Beras,7,207,0.25,0.25,0.25,0.25,0.25,0.234375,0.234375,0.234375
univariate,train,Beras,7,208,0.25,0.25,0.25,0.25,0.234375,0.234375,0.234375,0.234375
univariate,train,Beras,7,209,0.25,0.25,0.25,0.234375,0.234375,0.234375,0.234375,0.234375
univariate,train,Beras,7,210,0.25,0.25,0.234375,0.234375,0.234375,0.234375,0.234375,0.234375
univariate,train,Beras,7,211,0.25,0.234375,0.234375,0.234375,0.234375,0.234375,0.234375,0.234375
univariate,train,Beras,7,212,0.234375,0.234375,0.234375,0.234375,0.234375,0.234375,0.234375,0.234375
univariate,train,Beras,7,213,0.234375,0.234375,0.234375,0.234375,0.234375,0.234375,0.234375,0.234375
univariate,train,Beras,7,214,0.234375,0.234375,0.234375,0.234375,0.234375,0.234375,0.234375,0.234375
univariate,train,Beras,7,215,0.234375,0.234375,0.234375,0.234375,0.234375,0.234375,0.234375,0.234375
univariate,train,Beras,7,216,0.234375,0.234375,0.234375,0.234375,0.234375,0.234375,0.234375,0.234375
univariate,train,Beras,7,217,0.234375,0.234375,0.234375,0.234375,0.234375,0.234375,0.234375,0.234375
univariate,train,Beras,7,218,0.234375,0.234375,0.234375,0.234375,0.234375,0.234375,0.234375,0.234375
univariate,train,Beras,7,219,0.234375,0.234375,0.234375,0.234375,0.234375,0.234375,0.234375,0.234375
univariate,train,Beras,7,220,0.234375,0.234375,0.234375,0.234375,0.234375,0.234375,0.234375,0.234375
univariate,train,Beras,7,221,0.234375,0.234375,0.234375,0.234375,0.234375,0.234375,0.234375,0.234375
univariate,train,Beras,7,222,0.234375,0.234375,0.234375,0.234375,0.234375,0.234375,0.234375,0.234375
univariate,train,Beras,7,223,0.234375,0.234375,0.234375,0.234375,0.234375,0.234375,0.234375,0.234375
univariate,train,Beras,7,224,0.234375,0.234375,0.234375,0.234375,0.234375,0.234375,0.234375,0.234375
univariate,train,Beras,7,225,0.234375,0.234375,0.234375,0.234375,0.234375,0.234375,0.234375,0.234375
univariate,train,Beras,7,226,0.234375,0.234375,0.234375,0.234375,0.234375,0.234375,0.234375,0.21875
univariate,train,Beras,7,227,0.234375,0.234375,0.234375,0.234375,0.234375,0.234375,0.21875,0.21875
univariate,train,Beras,7,228,0.234375,0.234375,0.234375,0.234375,0.234375,0.21875,0.21875,0.21875
univariate,train,Beras,7,229,0.234375,0.234375,0.234375,0.234375,0.21875,0.21875,0.21875,0.21875
univariate,train,Beras,7,230,0.234375,0.234375,0.234375,0.21875,0.21875,0.21875,0.21875,0.21875
univariate,train,Beras,7,231,0.234375,0.234375,0.21875,0.21875,0.21875,0.21875,0.21875,0.21875
univariate,train,Beras,7,232,0.234375,0.21875,0.21875,0.21875,0.21875,0.21875,0.21875,0.21875
univariate,train,Beras,7,233,0.21875,0.21875,0.21875,0.21875,0.21875,0.21875,0.21875,0.21875
univariate,train,Beras,7,234,0.21875,0.21875,0.21875,0.21875,0.21875,0.21875,0.21875,0.21875
univariate,train,Beras,7,235,0.21875,0.21875,0.21875,0.21875,0.21875,0.21875,0.21875,0.21875
univariate,train,Beras,7,236,0.21875,0.21875,0.21875,0.21875,0.21875,0.21875,0.21875,0.21875
univariate,train,Beras,7,237,0.21875,0.21875,0.21875,0.21875,0.21875,0.21875,0.21875,0.21875
univariate,train,Beras,7,238,0.21875,0.21875,0.21875,0.21875,0.21875,0.21875,0.21875,0.21875
univariate,train,Beras,7,239,0.21875,0.21875,0.21875,0.21875,0.21875,0.21875,0.21875,0.21875
univariate,train,Beras,7,240,0.21875,0.21875,0.21875,0.21875,0.21875,0.21875,0.21875,0.21875
univariate,train,Beras,7,241,0.21875,0.21875,0.21875,0.21875,0.21875,0.21875,0.21875,0.21875
univariate,train,Beras,7,242,0.21875,0.21875,0.21875,0.21875,0.21875,0.21875,0.21875,0.21875
univariate,train,Beras,7,243,0.21875,0.21875,0.21875,0.21875,0.21875,0.21875,0.21875,0.21875
univariate,train,Beras,7,244,0.21875,0.21875,0.21875,0.21875,0.21875,0.21875,0.21875,0.21875
univariate,train,Beras,7,245,0.21875,0.21875,0.21875,0.21875,0.21875,0.21875,0.21875,0.21875
univariate,train,Beras,7,246,0.21875,0.21875,0.21875,0.21875,0.21875,0.21875,0.21875,0.21875
univariate,train,Beras,7,247,0.21875,0.21875,0.21875,0.21875,0.21875,0.21875,0.21875,0.21875
univariate,train,Beras,7,248,0.21875,0.21875,0.21875,0.21875,0.21875,0.21875,0.21875,0.21875
univariate,train,Beras,7,249,0.21875,0.21875,0.21875,0.21875,0.21875,0.21875,0.21875,0.203125
univariate,train,Beras,7,250,0.21875,0.21875,0.21875,0.21875,0.21875,0.21875,0.203125,0.203125
univariate,train,Beras,7,251,0.21875,0.21875,0.21875,0.21875,0.21875,0.203125,0.203125,0.203125
univariate,train,Beras,7,252,0.21875,0.21875,0.21875,0.21875,0.203125,0.203125,0.203125,0.203125
univariate,train,Beras,7,253,0.21875,0.21875,0.21875,0.203125,0.203125,0.203125,0.203125,0.203125
univariate,train,Beras,7,254,0.21875,0.21875,0.203125,0.203125,0.203125,0.203125,0.203125,0.203125
univariate,train,Beras,7,255,0.21875,0.203125,0.203125,0.203125,0.203125,0.203125,0.203125,0.203125
univariate,train,Beras,7,256,0.203125,0.203125,0.203125,0.203125,0.203125,0.203125,0.203125,0.203125
univariate,train,Beras,7,257,0.203125,0.203125,0.203125,0.203125,0.203125,0.203125,0.203125,0.203125
univariate,train,Beras,7,258,0.203125,0.203125,0.203125,0.203125,0.203125,0.203125,0.203125,0.203125
univariate,train,Beras,7,259,0.203125,0.203125,0.203125,0.203125,0.203125,0.203125,0.203125,0.203125
univariate,train,Beras,7,260,0.203125,0.203125,0.203125,0.203125,0.203125,0.203125,0.203125,0.203125
univariate,train,Beras,7,261,0.203125,0.203125,0.203125,0.203125,0.203125,0.203125,0.203125,0.203125
univariate,train,Beras,7,262,0.203125,0.203125,0.203125,0.203125,0.203125,0.203125,0.203125,0.203125
univariate,train,Beras,7,263,0.203125,0.203125,0.203125,0.203125,0.203125,0.203125,0.203125,0.203125
univariate,train,Beras,7,264,0.203125,0.203125,0.203125,0.203125,0.203125,0.203125,0.203125,0.203125
univariate,train,Beras,7,265,0.203125,0.203125,0.203125,0.203125,0.203125,0.203125,0.203125,0.203125
univariate,train,Beras,7,266,0.203125,0.203125,0.203125,0.203125,0.203125,0.203125,0.203125,0.203125
univariate,train,Beras,7,267,0.203125,0.203125,0.203125,0.203125,0.203125,0.203125,0.203125,0.203125
univariate,train,Beras,7,268,0.203125,0.203125,0.203125,0.203125,0.203125,0.203125,0.203125,0.203125
univariate,train,Beras,7,269,0.203125,0.203125,0.203125,0.203125,0.203125,0.203125,0.203125,0.203125
univariate,train,Beras,7,270,0.203125,0.203125,0.203125,0.203125,0.203125,0.203125,0.203125,0.203125
univariate,train,Beras,7,271,0.203125,0.203125,0.203125,0.203125,0.203125,0.203125,0.203125,0.203125
univariate,train,Beras,7,272,0.203125,0.203125,0.203125,0.203125,0.203125,0.203125,0.203125,0.203125
univariate,train,Beras,7,273,0.203125,0.203125,0.203125,0.203125,0.203125,0.203125,0.203125,0.203125
univariate,train,Beras,7,274,0.203125,0.203125,0.203125,0.203125,0.203125,0.203125,0.203125,0.203125
univariate,train,Beras,7,275,0.203125,0.203125,0.203125,0.203125,0.203125,0.203125,0.203125,0.203125
univariate,train,Beras,7,276,0.203125,0.203125,0.203125,0.203125,0.203125,0.203125,0.203125,0.203125
univariate,train,Beras,7,277,0.203125,0.203125,0.203125,0.203125,0.203125,0.203125,0.203125,0.203125
univariate,train,Beras,7,278,0.203125,0.203125,0.203125,0.203125,0.203125,0.203125,0.203125,0.203125
univariate,train,Beras,7,279,0.203125,0.203125,0.203125,0.203125,0.203125,0.203125,0.203125,0.203125
univariate,train,Beras,7,280,0.203125,0.203125,0.203125,0.203125,0.203125,0.203125,0.203125,0.203125
univariate,train,Beras,7,281,0.203125,0.203125,0.203125,0.203125,0.203125,0.203125,0.203125,0.203125
univariate,train,Beras,7,282,0.203125,0.203125,0.203125,0.203125,0.203125,0.203125,0.203125,0.203125
univariate,train,Beras,7,283,0.203125,0.203125,0.203125,0.203125,0.203125,0.203125,0.203125,0.203125
univariate,train,Beras,7,284,0.203125,0.203125,0.203125,0.203125,0.203125,0.203125,0.203125,0.203125
univariate,train,Beras,7,285,0.203125,0.203125,0.203125,0.203125,0.203125,0.203125,0.203125,0.203125
univariate,train,Beras,7,286,0.203125,0.203125,0.203125,0.203125,0.203125,0.203125,0.203125,0.203125
univariate,train,Beras,7,287,0.203125,0.203125,0.203125,0.203125,0.203125,0.203125,0.203125,0.203125
univariate,train,Beras,7,288,0.203125,0.203125,0.203125,0.203125,0.203125,0.203125,0.203125,0.203125
univariate,train,Beras,7,289,0.203125,0.203125,0.203125,0.203125,0.203125,0.203125,0.203125,0.203125
univariate,train,Beras,7,290,0.203125,0.203125,0.203125,0.203125,0.203125,0.203125,0.203125,0.203125
univariate,train,Beras,7,291,0.203125,0.203125,0.203125,0.203125,0.203125,0.203125,0.203125,0.203125
univariate,train,Beras,7,292,0.203125,0.203125,0.203125,0.203125,0.203125,0.203125,0.203125,0.203125
univariate,train,Beras,7,293,0.203125,0.203125,0.203125,0.203125,0.203125,0.203125,0.203125,0.21875
univariate,train,Beras,7,294,0.203125,0.203125,0.203125,0.203125,0.203125,0.203125,0.21875,0.21875
univariate,train,Beras,7,295,0.203125,0.203125,0.203125,0.203125,0.203125,0.21875,0.21875,0.21875
univariate,train,Beras,7,296,0.203125,0.203125,0.203125,0.203125,0.21875,0.21875,0.21875,0.21875
univariate,train,Beras,7,297,0.203125,0.203125,0.203125,0.21875,0.21875,0.21875,0.21875,0.21875
univariate,train,Beras,7,298,0.203125,0.203125,0.21875,0.21875,0.21875,0.21875,0.21875,0.21875
univariate,train,Beras,7,299,0.203125,0.21875,0.21875,0.21875,0.21875,0.21875,0.21875,0.21875
univariate,train,Beras,7,300,0.21875,0.21875,0.21875,0.21875,0.21875,0.21875,0.21875,0.21875
univariate,train,Beras,7,301,0.21875,0.21875,0.21875,0.21875,0.21875,0.21875,0.21875,0.21875
univariate,train,Beras,7,302,0.21875,0.21875,0.21875,0.21875,0.21875,0.21875,0.21875,0.21875
univariate,train,Beras,7,303,0.21875,0.21875,0.21875,0.21875,0.21875,0.21875,0.21875,0.21875
univariate,train,Beras,7,304,0.21875,0.21875,0.21875,0.21875,0.21875,0.21875,0.21875,0.21875
univariate,train,Beras,7,305,0.21875,0.21875,0.21875,0.21875,0.21875,0.21875,0.21875,0.21875
univariate,train,Beras,7,306,0.21875,0.21875,0.21875,0.21875,0.21875,0.21875,0.21875,0.21875
univariate,train,Beras,7,307,0.21875,0.21875,0.21875,0.21875,0.21875,0.21875,0.21875,0.21875
univariate,train,Beras,7,308,0.21875,0.21875,0.21875,0.21875,0.21875,0.21875,0.21875,0.21875
univariate,train,Beras,7,309,0.21875,0.21875,0.21875,0.21875,0.21875,0.21875,0.21875,0.21875
univariate,train,Beras,7,310,0.21875,0.21875,0.21875,0.21875,0.21875,0.21875,0.21875,0.21875
univariate,train,Beras,7,311,0.21875,0.21875,0.21875,0.21875,0.21875,0.21875,0.21875,0.21875
univariate,train,Beras,7,312,0.21875,0.21875,0.21875,0.21875,0.21875,0.21875,0.21875,0.21875
univariate,train,Beras,7,313,0.21875,0.21875,0.21875,0.21875,0.21875,0.21875,0.21875,0.1875
univariate,train,Beras,7,314,0.21875,0.21875,0.21875,0.21875,0.21875,0.21875,0.1875,0.1875
univariate,train,Beras,7,315,0.21875,0.21875,0.21875,0.21875,0.21875,0.1875,0.1875,0.1875
univariate,train,Beras,7,316,0.21875,0.21875,0.21875,0.21875,0.1875,0.1875,0.1875,0.1875
univariate,train,Beras,7,317,0.21875,0.21875,0.21875,0.1875,0.1875,0.1875,0.1875,0.1875
univariate,train,Beras,7,318,0.21875,0.21875,0.1875,0.1875,0.1875,0.1875,0.1875,0.1875
univariate,train,Beras,7,319,0.21875,0.1875,0.1875,0.1875,0.1875,0.1875,0.1875,0.1875
univariate,train,Beras,7,320,0.1875,0.1875,0.1875,0.1875,0.1875,0.1875,0.1875,0.1875
univariate,train,Beras,7,321,0.1875,0.1875,0.1875,0.1875,0.1875,0.1875,0.1875,0.1875
univariate,train,Beras,7,322,0.1875,0.1875,0.1875,0.1875,0.1875,0.1875,0.1875,0.1875
univariate,train,Beras,7,323,0.1875,0.1875,0.1875,0.1875,0.1875,0.1875,0.1875,0.1875
univariate,train,Beras,7,324,0.1875,0.1875,0.1875,0.1875,0.1875,0.1875,0.1875,0.1875
univariate,train,Beras,7,325,0.1875,0.1875,0.1875,0.1875,0.1875,0.1875,0.1875,0.1875
univariate,train,Beras,7,326,0.1875,0.1875,0.1875,0.1875,0.1875,0.1875,0.1875,0.1875
univariate,train,Beras,7,327,0.1875,0.1875,0.1875,0.1875,0.1875,0.1875,0.1875,0.1875
univariate,train,Beras,7,328,0.1875,0.1875,0.1875,0.1875,0.1875,0.1875,0.1875,0.1875
univariate,train,Beras,7,329,0.1875,0.1875,0.1875,0.1875,0.1875,0.1875,0.1875,0.1875
univariate,train,Beras,7,330,0.1875,0.1875,0.1875,0.1875,0.1875,0.1875,0.1875,0.1875
univariate,train,Beras,7,331,0.1875,0.1875,0.1875,0.1875,0.1875,0.1875,0.1875,0.1875
univariate,train,Beras,7,332,0.1875,0.1875,0.1875,0.1875,0.1875,0.1875,0.1875,0.1875
univariate,train,Beras,7,333,0.1875,0.1875,0.1875,0.1875,0.1875,0.1875,0.1875,0.1875
univariate,train,Beras,7,334,0.1875,0.1875,0.1875,0.1875,0.1875,0.1875,0.1875,0.15625
univariate,train,Beras,7,335,0.1875,0.1875,0.1875,0.1875,0.1875,0.1875,0.15625,0.171875
univariate,train,Beras,7,336,0.1875,0.1875,0.1875,0.1875,0.1875,0.15625,0.171875,0.171875
univariate,train,Beras,7,337,0.1875,0.1875,0.1875,0.1875,0.15625,0.171875,0.171875,0.171875
univariate,train,Beras,7,338,0.1875,0.1875,0.1875,0.15625,0.171875,0.171875,0.171875,0.171875
univariate,train,Beras,7,339,0.1875,0.1875,0.15625,0.171875,0.171875,0.171875,0.171875,0.171875
univariate,train,Beras,7,340,0.1875,0.15625,0.171875,0.171875,0.171875,0.171875,0.171875,0.171875
univariate,train,Beras,7,341,0.15625,0.171875,0.171875,0.171875,0.171875,0.171875,0.171875,0.171875
univariate,train,Beras,7,342,0.171875,0.171875,0.171875,0.171875,0.171875,0.171875,0.171875,0.171875
univariate,train,Beras,7,343,0.171875,0.171875,0.171875,0.171875,0.171875,0.171875,0.171875,0.171875
univariate,train,Beras,7,344,0.171875,0.171875,0.171875,0.171875,0.171875,0.171875,0.171875,0.171875
univariate,train,Beras,7,345,0.171875,0.171875,0.171875,0.171875,0.171875,0.171875,0.171875,0.171875
univariate,train,Beras,7,346,0.171875,0.171875,0.171875,0.171875,0.171875,0.171875,0.171875,0.171875
univariate,train,Beras,7,347,0.171875,0.171875,0.171875,0.171875,0.171875,0.171875,0.171875,0.171875
univariate,train,Beras,7,348,0.171875,0.171875,0.171875,0.171875,0.171875,0.171875,0.171875,0.171875
univariate,train,Beras,7,349,0.171875,0.171875,0.171875,0.171875,0.171875,0.171875,0.171875,0.171875
univariate,train,Beras,7,350,0.171875,0.171875,0.171875,0.171875,0.171875,0.171875,0.171875,0.171875
univariate,train,Beras,7,351,0.171875,0.171875,0.171875,0.171875,0.171875,0.171875,0.171875,0.171875
univariate,train,Beras,7,352,0.171875,0.171875,0.171875,0.171875,0.171875,0.171875,0.171875,0.171875
univariate,train,Beras,7,353,0.171875,0.171875,0.171875,0.171875,0.171875,0.171875,0.171875,0.171875
univariate,train,Beras,7,354,0.171875,0.171875,0.171875,0.171875,0.171875,0.171875,0.171875,0.171875
univariate,train,Beras,7,355,0.171875,0.171875,0.171875,0.171875,0.171875,0.171875,0.171875,0.171875
univariate,train,Beras,7,356,0.171875,0.171875,0.171875,0.171875,0.171875,0.171875,0.171875,0.140625
univariate,train,Beras,7,357,0.171875,0.171875,0.171875,0.171875,0.171875,0.171875,0.140625,0.140625
univariate,train,Beras,7,358,0.171875,0.171875,0.171875,0.171875,0.171875,0.140625,0.140625,0.140625
univariate,train,Beras,7,359,0.171875,0.171875,0.171875,0.171875,0.140625,0.140625,0.140625,0.140625
univariate,train,Beras,7,360,0.171875,0.171875,0.171875,0.140625,0.140625,0.140625,0.140625,0.140625
univariate,train,Beras,7,361,0.171875,0.171875,0.140625,0.140625,0.140625,0.140625,0.140625,0.140625
univariate,train,Beras,7,362,0.171875,0.140625,0.140625,0.140625,0.140625,0.140625,0.140625,0.140625
univariate,train,Beras,7,363,0.140625,0.140625,0.140625,0.140625,0.140625,0.140625,0.140625,0.140625
univariate,train,Beras,7,364,0.140625,0.140625,0.140625,0.140625,0.140625,0.140625,0.140625,0.140625
univariate,train,Beras,7,365,0.140625,0.140625,0.140625,0.140625,0.140625,0.140625,0.140625,0.140625
univariate,train,Beras,7,366,0.140625,0.140625,0.140625,0.140625,0.140625,0.140625,0.140625,0.140625
univariate,train,Beras,7,367,0.140625,0.140625,0.140625,0.140625,0.140625,0.140625,0.140625,0.140625
univariate,train,Beras,7,368,0.140625,0.140625,0.140625,0.140625,0.140625,0.140625,0.140625,0.140625
univariate,train,Beras,7,369,0.140625,0.140625,0.140625,0.140625,0.140625,0.140625,0.140625,0.140625
univariate,train,Beras,7,370,0.140625,0.140625,0.140625,0.140625,0.140625,0.140625,0.140625,0.140625
univariate,train,Beras,7,371,0.140625,0.140625,0.140625,0.140625,0.140625,0.140625,0.140625,0.140625
univariate,train,Beras,7,372,0.140625,0.140625,0.140625,0.140625,0.140625,0.140625,0.140625,0.140625
univariate,train,Beras,7,373,0.140625,0.140625,0.140625,0.140625,0.140625,0.140625,0.140625,0.140625
univariate,train,Beras,7,374,0.140625,0.140625,0.140625,0.140625,0.140625,0.140625,0.140625,0.140625
univariate,train,Beras,7,375,0.140625,0.140625,0.140625,0.140625,0.140625,0.140625,0.140625,0.140625
univariate,train,Beras,7,376,0.140625,0.140625,0.140625,0.140625,0.140625,0.140625,0.140625,0.140625
univariate,train,Beras,7,377,0.140625,0.140625,0.140625,0.140625,0.140625,0.140625,0.140625,0.140625
univariate,train,Beras,7,378,0.140625,0.140625,0.140625,0.140625,0.140625,0.140625,0.140625,0.140625
univariate,train,Beras,7,379,0.140625,0.140625,0.140625,0.140625,0.140625,0.140625,0.140625,0.109375
univariate,train,Beras,7,380,0.140625,0.140625,0.140625,0.140625,0.140625,0.140625,0.109375,0.125
univariate,train,Beras,7,381,0.140625,0.140625,0.140625,0.140625,0.140625,0.109375,0.125,0.125
univariate,train,Beras,7,382,0.140625,0.140625,0.140625,0.140625,0.109375,0.125,0.125,0.125
univariate,train,Beras,7,383,0.140625,0.140625,0.140625,0.109375,0.125,0.125,0.125,0.125
univariate,train,Beras,7,384,0.140625,0.140625,0.109375,0.125,0.125,0.125,0.125,0.125
univariate,train,Beras,7,385,0.140625,0.109375,0.125,0.125,0.125,0.125,0.125,0.125
univariate,train,Beras,7,386,0.109375,0.125,0.125,0.125,0.125,0.125,0.125,0.125
univariate,train,Beras,7,387,0.125,0.125,0.125,0.125,0.125,0.125,0.125,0.125
univariate,train,Beras,7,388,0.125,0.125,0.125,0.125,0.125,0.125,0.125,0.125
univariate,train,Beras,7,389,0.125,0.125,0.125,0.125,0.125,0.125,0.125,0.125
univariate,train,Beras,7,390,0.125,0.125,0.125,0.125,0.125,0.125,0.125,0.125
univariate,train,Beras,7,391,0.125,0.125,0.125,0.125,0.125,0.125,0.125,0.125
univariate,train,Beras,7,392,0.125,0.125,0.125,0.125,0.125,0.125,0.125,0.125
univariate,train,Beras,7,393,0.125,0.125,0.125,0.125,0.125,0.125,0.125,0.125
univariate,train,Beras,7,394,0.125,0.125,0.125,0.125,0.125,0.125,0.125,0.125
univariate,train,Beras,7,395,0.125,0.125,0.125,0.125,0.125,0.125,0.125,0.125
univariate,train,Beras,7,396,0.125,0.125,0.125,0.125,0.125,0.125,0.125,0.125
univariate,train,Beras,7,397,0.125,0.125,0.125,0.125,0.125,0.125,0.125,0.125
univariate,train,Beras,7,398,0.125,0.125,0.125,0.125,0.125,0.125,0.125,0.125
univariate,train,Beras,7,399,0.125,0.125,0.125,0.125,0.125,0.125,0.125,0.125
univariate,train,Beras,7,400,0.125,0.125,0.125,0.125,0.125,0.125,0.125,0.078125
univariate,train,Beras,7,401,0.125,0.125,0.125,0.125,0.125,0.125,0.078125,0.078125
univariate,train,Beras,7,402,0.125,0.125,0.125,0.125,0.125,0.078125,0.078125,0.078125
univariate,train,Beras,7,403,0.125,0.125,0.125,0.125,0.078125,0.078125,0.078125,0.078125
univariate,train,Beras,7,404,0.125,0.125,0.125,0.078125,0.078125,0.078125,0.078125,0.078125
univariate,train,Beras,7,405,0.125,0.125,0.078125,0.078125,0.078125,0.078125,0.078125,0.078125
univariate,train,Beras,7,406,0.125,0.078125,0.078125,0.078125,0.078125,0.078125,0.078125,0.078125
univariate,train,Beras,7,407,0.078125,0.078125,0.078125,0.078125,0.078125,0.078125,0.078125,0.078125
univariate,train,Beras,7,408,0.078125,0.078125,0.078125,0.078125,0.078125,0.078125,0.078125,0.078125
univariate,train,Beras,7,409,0.078125,0.078125,0.078125,0.078125,0.078125,0.078125,0.078125,0.078125
univariate,train,Beras,7,410,0.078125,0.078125,0.078125,0.078125,0.078125,0.078125,0.078125,0.078125
univariate,train,Beras,7,411,0.078125,0.078125,0.078125,0.078125,0.078125,0.078125,0.078125,0.078125
univariate,train,Beras,7,412,0.078125,0.078125,0.078125,0.078125,0.078125,0.078125,0.078125,0.078125
univariate,train,Beras,7,413,0.078125,0.078125,0.078125,0.078125,0.078125,0.078125,0.078125,0.078125
univariate,train,Beras,7,414,0.078125,0.078125,0.078125,0.078125,0.078125,0.078125,0.078125,0.078125
univariate,train,Beras,7,415,0.078125,0.078125,0.078125,0.078125,0.078125,0.078125,0.078125,0.078125
univariate,train,Beras,7,416,0.078125,0.078125,0.078125,0.078125,0.078125,0.078125,0.078125,0.078125
univariate,train,Beras,7,417,0.078125,0.078125,0.078125,0.078125,0.078125,0.078125,0.078125,0.078125
univariate,train,Beras,7,418,0.078125,0.078125,0.078125,0.078125,0.078125,0.078125,0.078125,0.078125
univariate,train,Beras,7,419,0.078125,0.078125,0.078125,0.078125,0.078125,0.078125,0.078125,0.078125
univariate,train,Beras,7,420,0.078125,0.078125,0.078125,0.078125,0.078125,0.078125,0.078125,0.078125
univariate,train,Beras,7,421,0.078125,0.078125,0.078125,0.078125,0.078125,0.078125,0.078125,0.0
univariate,train,Beras,7,422,0.078125,0.078125,0.078125,0.078125,0.078125,0.078125,0.0,0.078125
univariate,train,Beras,7,423,0.078125,0.078125,0.078125,0.078125,0.078125,0.0,0.078125,0.078125
univariate,train,Beras,7,424,0.078125,0.078125,0.078125,0.078125,0.0,0.078125,0.078125,0.078125
univariate,train,Beras,7,425,0.078125,0.078125,0.078125,0.0,0.078125,0.078125,0.078125,0.078125
univariate,train,Beras,7,426,0.078125,0.078125,0.0,0.078125,0.078125,0.078125,0.078125,0.078125
univariate,train,Beras,7,427,0.078125,0.0,0.078125,0.078125,0.078125,0.078125,0.078125,0.078125
univariate,train,Beras,7,428,0.0,0.078125,0.078125,0.078125,0.078125,0.078125,0.078125,0.078125
univariate,train,Beras,7,429,0.078125,0.078125,0.078125,0.078125,0.078125,0.078125,0.078125,0.078125
univariate,train,Beras,7,430,0.078125,0.078125,0.078125,0.078125,0.078125,0.078125,0.078125,0.078125
univariate,train,Beras,7,431,0.078125,0.078125,0.078125,0.078125,0.078125,0.078125,0.078125,0.078125
univariate,train,Beras,7,432,0.078125,0.078125,0.078125,0.078125,0.078125,0.078125,0.078125,0.078125
univariate,train,Beras,7,433,0.078125,0.078125,0.078125,0.078125,0.078125,0.078125,0.078125,0.078125
univariate,train,Beras,7,434,0.078125,0.078125,0.078125,0.078125,0.078125,0.078125,0.078125,0.078125
univariate,train,Beras,7,435,0.078125,0.078125,0.078125,0.078125,0.078125,0.078125,0.078125,0.078125
univariate,train,Beras,7,436,0.078125,0.078125,0.078125,0.078125,0.078125,0.078125,0.078125,0.078125
univariate,train,Beras,7,437,0.078125,0.078125,0.078125,0.078125,0.078125,0.078125,0.078125,0.078125
univariate,train,Beras,7,438,0.078125,0.078125,0.078125,0.078125,0.078125,0.078125,0.078125,0.078125
univariate,train,Beras,7,439,0.078125,0.078125,0.078125,0.078125,0.078125,0.078125,0.078125,0.078125
univariate,train,Beras,7,440,0.078125,0.078125,0.078125,0.078125,0.078125,0.078125,0.078125,0.078125
univariate,train,Beras,7,441,0.078125,0.078125,0.078125,0.078125,0.078125,0.078125,0.078125,0.078125
univariate,train,Beras,7,442,0.078125,0.078125,0.078125,0.078125,0.078125,0.078125,0.078125,0.078125
univariate,train,Beras,7,443,0.078125,0.078125,0.078125,0.078125,0.078125,0.078125,0.078125,0.078125
univariate,train,Beras,7,444,0.078125,0.078125,0.078125,0.078125,0.078125,0.078125,0.078125,0.265625
univariate,train,Beras,7,445,0.078125,0.078125,0.078125,0.078125,0.078125,0.078125,0.265625,0.265625
univariate,train,Beras,7,446,0.078125,0.078125,0.078125,0.078125,0.078125,0.265625,0.265625,0.265625
univariate,train,Beras,7,447,0.078125,0.078125,0.078125,0.078125,0.265625,0.265625,0.265625,0.265625
univariate,train,Beras,7,448,0.078125,0.078125,0.078125,0.265625,0.265625,0.265625,0.265625,0.265625
univariate,train,Beras,7,449,0.078125,0.078125,0.265625,0.265625,0.265625,0.265625,0.265625,0.265625
univariate,train,Beras,7,450,0.078125,0.265625,0.265625,0.265625,0.265625,0.265625,0.265625,0.265625
univariate,train,Beras,7,451,0.265625,0.265625,0.265625,0.265625,0.265625,0.265625,0.265625,0.265625
univariate,train,Beras,7,452,0.265625,0.265625,0.265625,0.265625,0.265625,0.265625,0.265625,0.265625
univariate,train,Beras,7,453,0.265625,0.265625,0.265625,0.265625,0.265625,0.265625,0.265625,0.265625
univariate,train,Beras,7,454,0.265625,0.265625,0.265625,0.265625,0.265625,0.265625,0.265625,0.265625
univariate,train,Beras,7,455,0.265625,0.265625,0.265625,0.265625,0.265625,0.265625,0.265625,0.265625
univariate,train,Beras,7,456,0.265625,0.265625,0.265625,0.265625,0.265625,0.265625,0.265625,0.265625
univariate,train,Beras,7,457,0.265625,0.265625,0.265625,0.265625,0.265625,0.265625,0.265625,0.265625
univariate,train,Beras,7,458,0.265625,0.265625,0.265625,0.265625,0.265625,0.265625,0.265625,0.265625
univariate,train,Beras,7,459,0.265625,0.265625,0.265625,0.265625,0.265625,0.265625,0.265625,0.265625
univariate,train,Beras,7,460,0.265625,0.265625,0.265625,0.265625,0.265625,0.265625,0.265625,0.265625
univariate,train,Beras,7,461,0.265625,0.265625,0.265625,0.265625,0.265625,0.265625,0.265625,0.265625
univariate,train,Beras,7,462,0.265625,0.265625,0.265625,0.265625,0.265625,0.265625,0.265625,0.265625
univariate,train,Beras,7,463,0.265625,0.265625,0.265625,0.265625,0.265625,0.265625,0.265625,0.265625
univariate,train,Beras,7,464,0.265625,0.265625,0.265625,0.265625,0.265625,0.265625,0.265625,0.265625
univariate,train,Beras,7,465,0.265625,0.265625,0.265625,0.265625,0.265625,0.265625,0.265625,0.09375
univariate,train,Beras,7,466,0.265625,0.265625,0.265625,0.265625,0.265625,0.265625,0.09375,0.09375
univariate,train,Beras,7,467,0.265625,0.265625,0.265625,0.265625,0.265625,0.09375,0.09375,0.09375
univariate,train,Beras,7,468,0.265625,0.265625,0.265625,0.265625,0.09375,0.09375,0.09375,0.09375
univariate,train,Beras,7,469,0.265625,0.265625,0.265625,0.09375,0.09375,0.09375,0.09375,0.09375
univariate,train,Beras,7,470,0.265625,0.265625,0.09375,0.09375,0.09375,0.09375,0.09375,0.09375
univariate,train,Beras,7,471,0.265625,0.09375,0.09375,0.09375,0.09375,0.09375,0.09375,0.09375
univariate,train,Beras,7,472,0.09375,0.09375,0.09375,0.09375,0.09375,0.09375,0.09375,0.09375
univariate,train,Beras,7,473,0.09375,0.09375,0.09375,0.09375,0.09375,0.09375,0.09375,0.09375
univariate,train,Beras,7,474,0.09375,0.09375,0.09375,0.09375,0.09375,0.09375,0.09375,0.09375
univariate,train,Beras,7,475,0.09375,0.09375,0.09375,0.09375,0.09375,0.09375,0.09375,0.09375
univariate,train,Beras,7,476,0.09375,0.09375,0.09375,0.09375,0.09375,0.09375,0.09375,0.09375
univariate,train,Beras,7,477,0.09375,0.09375,0.09375,0.09375,0.09375,0.09375,0.09375,0.09375
univariate,train,Beras,7,478,0.09375,0.09375,0.09375,0.09375,0.09375,0.09375,0.09375,0.09375
univariate,train,Beras,7,479,0.09375,0.09375,0.09375,0.09375,0.09375,0.09375,0.09375,0.09375
univariate,train,Beras,7,480,0.09375,0.09375,0.09375,0.09375,0.09375,0.09375,0.09375,0.09375
univariate,train,Beras,7,481,0.09375,0.09375,0.09375,0.09375,0.09375,0.09375,0.09375,0.09375
univariate,train,Beras,7,482,0.09375,0.09375,0.09375,0.09375,0.09375,0.09375,0.09375,0.09375
univariate,train,Beras,7,483,0.09375,0.09375,0.09375,0.09375,0.09375,0.09375,0.09375,0.09375
univariate,train,Beras,7,484,0.09375,0.09375,0.09375,0.09375,0.09375,0.09375,0.09375,0.09375
univariate,train,Beras,7,485,0.09375,0.09375,0.09375,0.09375,0.09375,0.09375,0.09375,0.09375
univariate,train,Beras,7,486,0.09375,0.09375,0.09375,0.09375,0.09375,0.09375,0.09375,0.09375
univariate,train,Beras,7,487,0.09375,0.09375,0.09375,0.09375,0.09375,0.09375,0.09375,0.09375
univariate,train,Beras,7,488,0.09375,0.09375,0.09375,0.09375,0.09375,0.09375,0.09375,0.125
univariate,train,Beras,7,489,0.09375,0.09375,0.09375,0.09375,0.09375,0.09375,0.125,0.125
univariate,train,Beras,7,490,0.09375,0.09375,0.09375,0.09375,0.09375,0.125,0.125,0.125
univariate,train,Beras,7,491,0.09375,0.09375,0.09375,0.09375,0.125,0.125,0.125,0.125
univariate,train,Beras,7,492,0.09375,0.09375,0.09375,0.125,0.125,0.125,0.125,0.125
univariate,train,Beras,7,493,0.09375,0.09375,0.125,0.125,0.125,0.125,0.125,0.125
univariate,train,Beras,7,494,0.09375,0.125,0.125,0.125,0.125,0.125,0.125,0.125
univariate,train,Beras,7,495,0.125,0.125,0.125,0.125,0.125,0.125,0.125,0.125
univariate,train,Beras,7,496,0.125,0.125,0.125,0.125,0.125,0.125,0.125,0.125
univariate,train,Beras,7,497,0.125,0.125,0.125,0.125,0.125,0.125,0.125,0.125
univariate,train,Beras,7,498,0.125,0.125,0.125,0.125,0.125,0.125,0.125,0.125
univariate,train,Beras,7,499,0.125,0.125,0.125,0.125,0.125,0.125,0.125,0.125
univariate,train,Beras,7,500,0.125,0.125,0.125,0.125,0.125,0.125,0.125,0.125
univariate,train,Beras,7,501,0.125,0.125,0.125,0.125,0.125,0.125,0.125,0.125
univariate,train,Beras,7,502,0.125,0.125,0.125,0.125,0.125,0.125,0.125,0.125
univariate,train,Beras,7,503,0.125,0.125,0.125,0.125,0.125,0.125,0.125,0.125
univariate,train,Beras,7,504,0.125,0.125,0.125,0.125,0.125,0.125,0.125,0.125
univariate,train,Beras,7,505,0.125,0.125,0.125,0.125,0.125,0.125,0.125,0.125
univariate,train,Beras,7,506,0.125,0.125,0.125,0.125,0.125,0.125,0.125,0.125
univariate,train,Beras,7,507,0.125,0.125,0.125,0.125,0.125,0.125,0.125,0.125
univariate,train,Beras,7,508,0.125,0.125,0.125,0.125,0.125,0.125,0.125,0.125
univariate,train,Beras,7,509,0.125,0.125,0.125,0.125,0.125,0.125,0.125,0.15625
univariate,train,Beras,7,510,0.125,0.125,0.125,0.125,0.125,0.125,0.15625,0.21875
univariate,train,Beras,7,511,0.125,0.125,0.125,0.125,0.125,0.15625,0.21875,0.21875
univariate,train,Beras,7,512,0.125,0.125,0.125,0.125,0.15625,0.21875,0.21875,0.21875
univariate,train,Beras,7,513,0.125,0.125,0.125,0.15625,0.21875,0.21875,0.21875,0.21875
univariate,train,Beras,7,514,0.125,0.125,0.15625,0.21875,0.21875,0.21875,0.21875,0.21875
univariate,train,Beras,7,515,0.125,0.15625,0.21875,0.21875,0.21875,0.21875,0.21875,0.21875
univariate,train,Beras,7,516,0.15625,0.21875,0.21875,0.21875,0.21875,0.21875,0.21875,0.21875
univariate,train,Beras,7,517,0.21875,0.21875,0.21875,0.21875,0.21875,0.21875,0.21875,0.21875
univariate,train,Beras,7,518,0.21875,0.21875,0.21875,0.21875,0.21875,0.21875,0.21875,0.21875
univariate,train,Beras,7,519,0.21875,0.21875,0.21875,0.21875,0.21875,0.21875,0.21875,0.21875
univariate,train,Beras,7,520,0.21875,0.21875,0.21875,0.21875,0.21875,0.21875,0.21875,0.21875
univariate,train,Beras,7,521,0.21875,0.21875,0.21875,0.21875,0.21875,0.21875,0.21875,0.21875
univariate,train,Beras,7,522,0.21875,0.21875,0.21875,0.21875,0.21875,0.21875,0.21875,0.21875
univariate,train,Beras,7,523,0.21875,0.21875,0.21875,0.21875,0.21875,0.21875,0.21875,0.21875
univariate,train,Beras,7,524,0.21875,0.21875,0.21875,0.21875,0.21875,0.21875,0.21875,0.21875
univariate,train,Beras,7,525,0.21875,0.21875,0.21875,0.21875,0.21875,0.21875,0.21875,0.21875
univariate,train,Beras,7,526,0.21875,0.21875,0.21875,0.21875,0.21875,0.21875,0.21875,0.21875
univariate,train,Beras,7,527,0.21875,0.21875,0.21875,0.21875,0.21875,0.21875,0.21875,0.21875
univariate,train,Beras,7,528,0.21875,0.21875,0.21875,0.21875,0.21875,0.21875,0.21875,0.21875
univariate,train,Beras,7,529,0.21875,0.21875,0.21875,0.21875,0.21875,0.21875,0.21875,0.21875
univariate,train,Beras,7,530,0.21875,0.21875,0.21875,0.21875,0.21875,0.21875,0.21875,0.21875
univariate,train,Beras,7,531,0.21875,0.21875,0.21875,0.21875,0.21875,0.21875,0.21875,0.265625
univariate,train,Beras,7,532,0.21875,0.21875,0.21875,0.21875,0.21875,0.21875,0.265625,0.265625
univariate,train,Beras,7,533,0.21875,0.21875,0.21875,0.21875,0.21875,0.265625,0.265625,0.265625
univariate,train,Beras,7,534,0.21875,0.21875,0.21875,0.21875,0.265625,0.265625,0.265625,0.265625
univariate,train,Beras,7,535,0.21875,0.21875,0.21875,0.265625,0.265625,0.265625,0.265625,0.265625
univariate,train,Beras,7,536,0.21875,0.21875,0.265625,0.265625,0.265625,0.265625,0.265625,0.265625
univariate,train,Beras,7,537,0.21875,0.265625,0.265625,0.265625,0.265625,0.265625,0.265625,0.265625
univariate,train,Beras,7,538,0.265625,0.265625,0.265625,0.265625,0.265625,0.265625,0.265625,0.265625
univariate,train,Beras,7,539,0.265625,0.265625,0.265625,0.265625,0.265625,0.265625,0.265625,0.265625
univariate,train,Beras,7,540,0.265625,0.265625,0.265625,0.265625,0.265625,0.265625,0.265625,0.265625
univariate,train,Beras,7,541,0.265625,0.265625,0.265625,0.265625,0.265625,0.265625,0.265625,0.265625
univariate,train,Beras,7,542,0.265625,0.265625,0.265625,0.265625,0.265625,0.265625,0.265625,0.265625
univariate,train,Beras,7,543,0.265625,0.265625,0.265625,0.265625,0.265625,0.265625,0.265625,0.265625
univariate,train,Beras,7,544,0.265625,0.265625,0.265625,0.265625,0.265625,0.265625,0.265625,0.265625
univariate,train,Beras,7,545,0.265625,0.265625,0.265625,0.265625,0.265625,0.265625,0.265625,0.265625
univariate,train,Beras,7,546,0.265625,0.265625,0.265625,0.265625,0.265625,0.265625,0.265625,0.265625
univariate,train,Beras,7,547,0.265625,0.265625,0.265625,0.265625,0.265625,0.265625,0.265625,0.265625
univariate,train,Beras,7,548,0.265625,0.265625,0.265625,0.265625,0.265625,0.265625,0.265625,0.265625
univariate,train,Beras,7,549,0.265625,0.265625,0.265625,0.265625,0.265625,0.265625,0.265625,0.265625
univariate,train,Beras,7,550,0.265625,0.265625,0.265625,0.265625,0.265625,0.265625,0.265625,0.265625
univariate,train,Beras,7,551,0.265625,0.265625,0.265625,0.265625,0.265625,0.265625,0.265625,0.265625
univariate,train,Beras,7,552,0.265625,0.265625,0.265625,0.265625,0.265625,0.265625,0.265625,0.265625
univariate,train,Beras,7,553,0.265625,0.265625,0.265625,0.265625,0.265625,0.265625,0.265625,0.265625
univariate,train,Beras,7,554,0.265625,0.265625,0.265625,0.265625,0.265625,0.265625,0.265625,0.25
univariate,train,Beras,7,555,0.265625,0.265625,0.265625,0.265625,0.265625,0.265625,0.25,0.25
univariate,train,Beras,7,556,0.265625,0.265625,0.265625,0.265625,0.265625,0.25,0.25,0.25
univariate,train,Beras,7,557,0.265625,0.265625,0.265625,0.265625,0.25,0.25,0.25,0.25
univariate,train,Beras,7,558,0.265625,0.265625,0.265625,0.25,0.25,0.25,0.25,0.25
univariate,train,Beras,7,559,0.265625,0.265625,0.25,0.25,0.25,0.25,0.25,0.25
univariate,train,Beras,7,560,0.265625,0.25,0.25,0.25,0.25,0.25,0.25,0.25
univariate,train,Beras,7,561,0.25,0.25,0.25,0.25,0.25,0.25,0.25,0.25
univariate,train,Beras,7,562,0.25,0.25,0.25,0.25,0.25,0.25,0.25,0.25
univariate,train,Beras,7,563,0.25,0.25,0.25,0.25,0.25,0.25,0.25,0.25
univariate,train,Beras,7,564,0.25,0.25,0.25,0.25,0.25,0.25,0.25,0.25
univariate,train,Beras,7,565,0.25,0.25,0.25,0.25,0.25,0.25,0.25,0.25
univariate,train,Beras,7,566,0.25,0.25,0.25,0.25,0.25,0.25,0.25,0.25
univariate,train,Beras,7,567,0.25,0.25,0.25,0.25,0.25,0.25,0.25,0.25
univariate,train,Beras,7,568,0.25,0.25,0.25,0.25,0.25,0.25,0.25,0.25
univariate,train,Beras,7,569,0.25,0.25,0.25,0.25,0.25,0.25,0.25,0.25
univariate,train,Beras,7,570,0.25,0.25,0.25,0.25,0.25,0.25,0.25,0.25
univariate,train,Beras,7,571,0.25,0.25,0.25,0.25,0.25,0.25,0.25,0.25
univariate,train,Beras,7,572,0.25,0.25,0.25,0.25,0.25,0.25,0.25,0.25
univariate,train,Beras,7,573,0.25,0.25,0.25,0.25,0.25,0.25,0.25,0.25
univariate,train,Beras,7,574,0.25,0.25,0.25,0.25,0.25,0.25,0.25,0.25
univariate,train,Beras,7,575,0.25,0.25,0.25,0.25,0.25,0.25,0.25,0.25
univariate,train,Beras,7,576,0.25,0.25,0.25,0.25,0.25,0.25,0.25,0.25
univariate,train,Beras,7,577,0.25,0.25,0.25,0.25,0.25,0.25,0.25,0.25
univariate,train,Beras,7,578,0.25,0.25,0.25,0.25,0.25,0.25,0.25,0.25
univariate,train,Beras,7,579,0.25,0.25,0.25,0.25,0.25,0.25,0.25,0.25
univariate,train,Beras,7,580,0.25,0.25,0.25,0.25,0.25,0.25,0.25,0.25
univariate,train,Beras,7,581,0.25,0.25,0.25,0.25,0.25,0.25,0.25,0.25
univariate,train,Beras,7,582,0.25,0.25,0.25,0.25,0.25,0.25,0.25,0.25
univariate,train,Beras,7,583,0.25,0.25,0.25,0.25,0.25,0.25,0.25,0.25
univariate,train,Beras,7,584,0.25,0.25,0.25,0.25,0.25,0.25,0.25,0.25
univariate,train,Beras,7,585,0.25,0.25,0.25,0.25,0.25,0.25,0.25,0.25
univariate,train,Beras,7,586,0.25,0.25,0.25,0.25,0.25,0.25,0.25,0.25
univariate,train,Beras,7,587,0.25,0.25,0.25,0.25,0.25,0.25,0.25,0.25
univariate,train,Beras,7,588,0.25,0.25,0.25,0.25,0.25,0.25,0.25,0.25
univariate,train,Beras,7,589,0.25,0.25,0.25,0.25,0.25,0.25,0.25,0.25
univariate,train,Beras,7,590,0.25,0.25,0.25,0.25,0.25,0.25,0.25,0.25
univariate,train,Beras,7,591,0.25,0.25,0.25,0.25,0.25,0.25,0.25,0.25
univariate,train,Beras,7,592,0.25,0.25,0.25,0.25,0.25,0.25,0.25,0.25
univariate,train,Beras,7,593,0.25,0.25,0.25,0.25,0.25,0.25,0.25,0.25
univariate,train,Beras,7,594,0.25,0.25,0.25,0.25,0.25,0.25,0.25,0.25
univariate,train,Beras,7,595,0.25,0.25,0.25,0.25,0.25,0.25,0.25,0.25
univariate,train,Beras,7,596,0.25,0.25,0.25,0.25,0.25,0.25,0.25,0.25
univariate,train,Beras,7,597,0.25,0.25,0.25,0.25,0.25,0.25,0.25,0.25
univariate,train,Beras,7,598,0.25,0.25,0.25,0.25,0.25,0.25,0.25,0.25
univariate,train,Beras,7,599,0.25,0.25,0.25,0.25,0.25,0.25,0.25,0.25
univariate,train,Beras,7,600,0.25,0.25,0.25,0.25,0.25,0.25,0.25,0.25
univariate,train,Beras,7,601,0.25,0.25,0.25,0.25,0.25,0.25,0.25,0.25
univariate,train,Beras,7,602,0.25,0.25,0.25,0.25,0.25,0.25,0.25,0.25
univariate,train,Beras,7,603,0.25,0.25,0.25,0.25,0.25,0.25,0.25,0.25
univariate,train,Beras,7,604,0.25,0.25,0.25,0.25,0.25,0.25,0.25,0.25
univariate,train,Beras,7,605,0.25,0.25,0.25,0.25,0.25,0.25,0.25,0.25
univariate,train,Beras,7,606,0.25,0.25,0.25,0.25,0.25,0.25,0.25,0.25
univariate,train,Beras,7,607,0.25,0.25,0.25,0.25,0.25,0.25,0.25,0.25
univariate,train,Beras,7,608,0.25,0.25,0.25,0.25,0.25,0.25,0.25,0.25
univariate,train,Beras,7,609,0.25,0.25,0.25,0.25,0.25,0.25,0.25,0.25
univariate,train,Beras,7,610,0.25,0.25,0.25,0.25,0.25,0.25,0.25,0.25
univariate,train,Beras,7,611,0.25,0.25,0.25,0.25,0.25,0.25,0.25,0.25
univariate,train,Beras,7,612,0.25,0.25,0.25,0.25,0.25,0.25,0.25,0.25
univariate,train,Beras,7,613,0.25,0.25,0.25,0.25,0.25,0.25,0.25,0.25
univariate,train,Beras,7,614,0.25,0.25,0.25,0.25,0.25,0.25,0.25,0.25
univariate,train,Beras,7,615,0.25,0.25,0.25,0.25,0.25,0.25,0.25,0.25
univariate,train,Beras,7,616,0.25,0.25,0.25,0.25,0.25,0.25,0.25,0.25
univariate,train,Beras,7,617,0.25,0.25,0.25,0.25,0.25,0.25,0.25,0.25
univariate,train,Beras,7,618,0.25,0.25,0.25,0.25,0.25,0.25,0.25,0.25
univariate,train,Beras,7,619,0.25,0.25,0.25,0.25,0.25,0.25,0.25,0.25
univariate,train,Beras,7,620,0.25,0.25,0.25,0.25,0.25,0.25,0.25,0.25
univariate,train,Beras,7,621,0.25,0.25,0.25,0.25,0.25,0.25,0.25,0.25
univariate,train,Beras,7,622,0.25,0.25,0.25,0.25,0.25,0.25,0.25,0.25
univariate,train,Beras,7,623,0.25,0.25,0.25,0.25,0.25,0.25,0.25,0.25
univariate,train,Beras,7,624,0.25,0.25,0.25,0.25,0.25,0.25,0.25,0.25
univariate,train,Beras,7,625,0.25,0.25,0.25,0.25,0.25,0.25,0.25,0.25
univariate,train,Beras,7,626,0.25,0.25,0.25,0.25,0.25,0.25,0.25,0.25
univariate,train,Beras,7,627,0.25,0.25,0.25,0.25,0.25,0.25,0.25,0.25
univariate,train,Beras,7,628,0.25,0.25,0.25,0.25,0.25,0.25,0.25,0.25
univariate,train,Beras,7,629,0.25,0.25,0.25,0.25,0.25,0.25,0.25,0.25
univariate,train,Beras,7,630,0.25,0.25,0.25,0.25,0.25,0.25,0.25,0.25
univariate,train,Beras,7,631,0.25,0.25,0.25,0.25,0.25,0.25,0.25,0.25
univariate,train,Beras,7,632,0.25,0.25,0.25,0.25,0.25,0.25,0.25,0.25
univariate,train,Beras,7,633,0.25,0.25,0.25,0.25,0.25,0.25,0.25,0.25
univariate,train,Beras,7,634,0.25,0.25,0.25,0.25,0.25,0.25,0.25,0.25
univariate,train,Beras,7,635,0.25,0.25,0.25,0.25,0.25,0.25,0.25,0.25
univariate,train,Beras,7,636,0.25,0.25,0.25,0.25,0.25,0.25,0.25,0.25
univariate,train,Beras,7,637,0.25,0.25,0.25,0.25,0.25,0.25,0.25,0.25
univariate,train,Beras,7,638,0.25,0.25,0.25,0.25,0.25,0.25,0.25,0.234375
univariate,train,Beras,7,639,0.25,0.25,0.25,0.25,0.25,0.25,0.234375,0.203125
univariate,train,Beras,7,640,0.25,0.25,0.25,0.25,0.25,0.234375,0.203125,0.203125
univariate,train,Beras,7,641,0.25,0.25,0.25,0.25,0.234375,0.203125,0.203125,0.203125
univariate,train,Beras,7,642,0.25,0.25,0.25,0.234375,0.203125,0.203125,0.203125,0.203125
univariate,train,Beras,7,643,0.25,0.25,0.234375,0.203125,0.203125,0.203125,0.203125,0.203125
univariate,train,Beras,7,644,0.25,0.234375,0.203125,0.203125,0.203125,0.203125,0.203125,0.203125
univariate,train,Beras,7,645,0.234375,0.203125,0.203125,0.203125,0.203125,0.203125,0.203125,0.203125
univariate,train,Beras,7,646,0.203125,0.203125,0.203125,0.203125,0.203125,0.203125,0.203125,0.203125
univariate,train,Beras,7,647,0.203125,0.203125,0.203125,0.203125,0.203125,0.203125,0.203125,0.203125
univariate,train,Beras,7,648,0.203125,0.203125,0.203125,0.203125,0.203125,0.203125,0.203125,0.203125
univariate,train,Beras,7,649,0.203125,0.203125,0.203125,0.203125,0.203125,0.203125,0.203125,0.203125
univariate,train,Beras,7,650,0.203125,0.203125,0.203125,0.203125,0.203125,0.203125,0.203125,0.203125
univariate,train,Beras,7,651,0.203125,0.203125,0.203125,0.203125,0.203125,0.203125,0.203125,0.203125
univariate,train,Beras,7,652,0.203125,0.203125,0.203125,0.203125,0.203125,0.203125,0.203125,0.203125
univariate,train,Beras,7,653,0.203125,0.203125,0.203125,0.203125,0.203125,0.203125,0.203125,0.203125
univariate,train,Beras,7,654,0.203125,0.203125,0.203125,0.203125,0.203125,0.203125,0.203125,0.203125
univariate,train,Beras,7,655,0.203125,0.203125,0.203125,0.203125,0.203125,0.203125,0.203125,0.203125
univariate,train,Beras,7,656,0.203125,0.203125,0.203125,0.203125,0.203125,0.203125,0.203125,0.203125
univariate,train,Beras,7,657,0.203125,0.203125,0.203125,0.203125,0.203125,0.203125,0.203125,0.203125
univariate,train,Beras,7,658,0.203125,0.203125,0.203125,0.203125,0.203125,0.203125,0.203125,0.203125
univariate,train,Beras,7,659,0.203125,0.203125,0.203125,0.203125,0.203125,0.203125,0.203125,0.25
univariate,train,Beras,7,660,0.203125,0.203125,0.203125,0.203125,0.203125,0.203125,0.25,0.265625
univariate,train,Beras,7,661,0.203125,0.203125,0.203125,0.203125,0.203125,0.25,0.265625,0.265625
univariate,train,Beras,7,662,0.203125,0.203125,0.203125,0.203125,0.25,0.265625,0.265625,0.265625
univariate,train,Beras,7,663,0.203125,0.203125,0.203125,0.25,0.265625,0.265625,0.265625,0.265625
univariate,train,Beras,7,664,0.203125,0.203125,0.25,0.265625,0.265625,0.265625,0.265625,0.265625
univariate,train,Beras,7,665,0.203125,0.25,0.265625,0.265625,0.265625,0.265625,0.265625,0.265625
univariate,train,Beras,7,666,0.25,0.265625,0.265625,0.265625,0.265625,0.265625,0.265625,0.265625
univariate,train,Beras,7,667,0.265625,0.265625,0.265625,0.265625,0.265625,0.265625,0.265625,0.265625
univariate,train,Beras,7,668,0.265625,0.265625,0.265625,0.265625,0.265625,0.265625,0.265625,0.265625
univariate,train,Beras,7,669,0.265625,0.265625,0.265625,0.265625,0.265625,0.265625,0.265625,0.265625
univariate,train,Beras,7,670,0.265625,0.265625,0.265625,0.265625,0.265625,0.265625,0.265625,0.265625
univariate,train,Beras,7,671,0.265625,0.265625,0.265625,0.265625,0.265625,0.265625,0.265625,0.265625
univariate,train,Beras,7,672,0.265625,0.265625,0.265625,0.265625,0.265625,0.265625,0.265625,0.265625
univariate,train,Beras,7,673,0.265625,0.265625,0.265625,0.265625,0.265625,0.265625,0.265625,0.265625
univariate,train,Beras,7,674,0.265625,0.265625,0.265625,0.265625,0.265625,0.265625,0.265625,0.265625
univariate,train,Beras,7,675,0.265625,0.265625,0.265625,0.265625,0.265625,0.265625,0.265625,0.265625
univariate,train,Beras,7,676,0.265625,0.265625,0.265625,0.265625,0.265625,0.265625,0.265625,0.265625
univariate,train,Beras,7,677,0.265625,0.265625,0.265625,0.265625,0.265625,0.265625,0.265625,0.265625
univariate,train,Beras,7,678,0.265625,0.265625,0.265625,0.265625,0.265625,0.265625,0.265625,0.265625
univariate,train,Beras,7,679,0.265625,0.265625,0.265625,0.265625,0.265625,0.265625,0.265625,0.265625
univariate,train,Beras,7,680,0.265625,0.265625,0.265625,0.265625,0.265625,0.265625,0.265625,0.265625
univariate,train,Beras,7,681,0.265625,0.265625,0.265625,0.265625,0.265625,0.265625,0.265625,0.265625
univariate,train,Beras,7,682,0.265625,0.265625,0.265625,0.265625,0.265625,0.265625,0.265625,0.375
univariate,train,Beras,7,683,0.265625,0.265625,0.265625,0.265625,0.265625,0.265625,0.375,0.375
univariate,train,Beras,7,684,0.265625,0.265625,0.265625,0.265625,0.265625,0.375,0.375,0.375
univariate,train,Beras,7,685,0.265625,0.265625,0.265625,0.265625,0.375,0.375,0.375,0.375
univariate,train,Beras,7,686,0.265625,0.265625,0.265625,0.375,0.375,0.375,0.375,0.375
univariate,train,Beras,7,687,0.265625,0.265625,0.375,0.375,0.375,0.375,0.375,0.375
univariate,train,Beras,7,688,0.265625,0.375,0.375,0.375,0.375,0.375,0.375,0.375
univariate,train,Beras,7,689,0.375,0.375,0.375,0.375,0.375,0.375,0.375,0.375
univariate,train,Beras,7,690,0.375,0.375,0.375,0.375,0.375,0.375,0.375,0.375
univariate,train,Beras,7,691,0.375,0.375,0.375,0.375,0.375,0.375,0.375,0.375
univariate,train,Beras,7,692,0.375,0.375,0.375,0.375,0.375,0.375,0.375,0.375
univariate,train,Beras,7,693,0.375,0.375,0.375,0.375,0.375,0.375,0.375,0.375
univariate,train,Beras,7,694,0.375,0.375,0.375,0.375,0.375,0.375,0.375,0.375
univariate,train,Beras,7,695,0.375,0.375,0.375,0.375,0.375,0.375,0.375,0.375
univariate,train,Beras,7,696,0.375,0.375,0.375,0.375,0.375,0.375,0.375,0.375
univariate,train,Beras,7,697,0.375,0.375,0.375,0.375,0.375,0.375,0.375,0.375
univariate,train,Beras,7,698,0.375,0.375,0.375,0.375,0.375,0.375,0.375,0.375
univariate,train,Beras,7,699,0.375,0.375,0.375,0.375,0.375,0.375,0.375,0.375
univariate,train,Beras,7,700,0.375,0.375,0.375,0.375,0.375,0.375,0.375,0.375
univariate,train,Beras,7,701,0.375,0.375,0.375,0.375,0.375,0.375,0.375,0.375
univariate,train,Beras,7,702,0.375,0.375,0.375,0.375,0.375,0.375,0.375,0.375
univariate,train,Beras,7,703,0.375,0.375,0.375,0.375,0.375,0.375,0.375,0.265625
univariate,train,Beras,7,704,0.375,0.375,0.375,0.375,0.375,0.375,0.265625,0.328125
univariate,train,Beras,7,705,0.375,0.375,0.375,0.375,0.375,0.265625,0.328125,0.328125
univariate,train,Beras,7,706,0.375,0.375,0.375,0.375,0.265625,0.328125,0.328125,0.328125
univariate,train,Beras,7,707,0.375,0.375,0.375,0.265625,0.328125,0.328125,0.328125,0.328125
univariate,train,Beras,7,708,0.375,0.375,0.265625,0.328125,0.328125,0.328125,0.328125,0.328125
univariate,train,Beras,7,709,0.375,0.265625,0.328125,0.328125,0.328125,0.328125,0.328125,0.328125
univariate,train,Beras,7,710,0.265625,0.328125,0.328125,0.328125,0.328125,0.328125,0.328125,0.328125
univariate,train,Beras,7,711,0.328125,0.328125,0.328125,0.328125,0.328125,0.328125,0.328125,0.328125
univariate,train,Beras,7,712,0.328125,0.328125,0.328125,0.328125,0.328125,0.328125,0.328125,0.328125
univariate,train,Beras,7,713,0.328125,0.328125,0.328125,0.328125,0.328125,0.328125,0.328125,0.328125
univariate,train,Beras,7,714,0.328125,0.328125,0.328125,0.328125,0.328125,0.328125,0.328125,0.328125
univariate,train,Beras,7,715,0.328125,0.328125,0.328125,0.328125,0.328125,0.328125,0.328125,0.328125
univariate,train,Beras,7,716,0.328125,0.328125,0.328125,0.328125,0.328125,0.328125,0.328125,0.328125
univariate,train,Beras,7,717,0.328125,0.328125,0.328125,0.328125,0.328125,0.328125,0.328125,0.328125
univariate,train,Beras,7,718,0.328125,0.328125,0.328125,0.328125,0.328125,0.328125,0.328125,0.328125
univariate,train,Beras,7,719,0.328125,0.328125,0.328125,0.328125,0.328125,0.328125,0.328125,0.328125
univariate,train,Beras,7,720,0.328125,0.328125,0.328125,0.328125,0.328125,0.328125,0.328125,0.328125
univariate,train,Beras,7,721,0.328125,0.328125,0.328125,0.328125,0.328125,0.328125,0.328125,0.328125
univariate,train,Beras,7,722,0.328125,0.328125,0.328125,0.328125,0.328125,0.328125,0.328125,0.328125
univariate,train,Beras,7,723,0.328125,0.328125,0.328125,0.328125,0.328125,0.328125,0.328125,0.328125
univariate,train,Beras,7,724,0.328125,0.328125,0.328125,0.328125,0.328125,0.328125,0.328125,0.328125
univariate,train,Beras,7,725,0.328125,0.328125,0.328125,0.328125,0.328125,0.328125,0.328125,0.328125
univariate,train,Beras,7,726,0.328125,0.328125,0.328125,0.328125,0.328125,0.328125,0.328125,0.328125
univariate,train,Beras,7,727,0.328125,0.328125,0.328125,0.328125,0.328125,0.328125,0.328125,0.328125
univariate,train,Beras,7,728,0.328125,0.328125,0.328125,0.328125,0.328125,0.328125,0.328125,0.328125
univariate,train,Beras,7,729,0.328125,0.328125,0.328125,0.328125,0.328125,0.328125,0.328125,0.328125
univariate,train,Beras,7,730,0.328125,0.328125,0.328125,0.328125,0.328125,0.328125,0.328125,0.328125
univariate,train,Beras,7,731,0.328125,0.328125,0.328125,0.328125,0.328125,0.328125,0.328125,0.328125
univariate,train,Beras,7,732,0.328125,0.328125,0.328125,0.328125,0.328125,0.328125,0.328125,0.328125
univariate,train,Beras,7,733,0.328125,0.328125,0.328125,0.328125,0.328125,0.328125,0.328125,0.328125
univariate,train,Beras,7,734,0.328125,0.328125,0.328125,0.328125,0.328125,0.328125,0.328125,0.328125
univariate,train,Beras,7,735,0.328125,0.328125,0.328125,0.328125,0.328125,0.328125,0.328125,0.328125
univariate,train,Beras,7,736,0.328125,0.328125,0.328125,0.328125,0.328125,0.328125,0.328125,0.328125
univariate,train,Beras,7,737,0.328125,0.328125,0.328125,0.328125,0.328125,0.328125,0.328125,0.328125
univariate,train,Beras,7,738,0.328125,0.328125,0.328125,0.328125,0.328125,0.328125,0.328125,0.328125
univariate,train,Beras,7,739,0.328125,0.328125,0.328125,0.328125,0.328125,0.328125,0.328125,0.328125
univariate,train,Beras,7,740,0.328125,0.328125,0.328125,0.328125,0.328125,0.328125,0.328125,0.328125
univariate,train,Beras,7,741,0.328125,0.328125,0.328125,0.328125,0.328125,0.328125,0.328125,0.328125
univariate,train,Beras,7,742,0.328125,0.328125,0.328125,0.328125,0.328125,0.328125,0.328125,0.328125
univariate,train,Beras,7,743,0.328125,0.328125,0.328125,0.328125,0.328125,0.328125,0.328125,0.328125
univariate,train,Beras,7,744,0.328125,0.328125,0.328125,0.328125,0.328125,0.328125,0.328125,0.328125
univariate,train,Beras,7,745,0.328125,0.328125,0.328125,0.328125,0.328125,0.328125,0.328125,0.328125
univariate,train,Beras,7,746,0.328125,0.328125,0.328125,0.328125,0.328125,0.328125,0.328125,0.328125
univariate,train,Beras,7,747,0.328125,0.328125,0.328125,0.328125,0.328125,0.328125,0.328125,0.328125
univariate,train,Beras,7,748,0.328125,0.328125,0.328125,0.328125,0.328125,0.328125,0.328125,0.375
univariate,train,Beras,7,749,0.328125,0.328125,0.328125,0.328125,0.328125,0.328125,0.375,0.375
univariate,train,Beras,7,750,0.328125,0.328125,0.328125,0.328125,0.328125,0.375,0.375,0.375
univariate,train,Beras,7,751,0.328125,0.328125,0.328125,0.328125,0.375,0.375,0.375,0.375
univariate,train,Beras,7,752,0.328125,0.328125,0.328125,0.375,0.375,0.375,0.375,0.375
univariate,train,Beras,7,753,0.328125,0.328125,0.375,0.375,0.375,0.375,0.375,0.375
univariate,train,Beras,7,754,0.328125,0.375,0.375,0.375,0.375,0.375,0.375,0.375
univariate,train,Beras,7,755,0.375,0.375,0.375,0.375,0.375,0.375,0.375,0.375
univariate,train,Beras,7,756,0.375,0.375,0.375,0.375,0.375,0.375,0.375,0.375
univariate,train,Beras,7,757,0.375,0.375,0.375,0.375,0.375,0.375,0.375,0.375
univariate,train,Beras,7,758,0.375,0.375,0.375,0.375,0.375,0.375,0.375,0.375
univariate,train,Beras,7,759,0.375,0.375,0.375,0.375,0.375,0.375,0.375,0.375
univariate,train,Beras,7,760,0.375,0.375,0.375,0.375,0.375,0.375,0.375,0.375
univariate,train,Beras,7,761,0.375,0.375,0.375,0.375,0.375,0.375,0.375,0.375
univariate,train,Beras,7,762,0.375,0.375,0.375,0.375,0.375,0.375,0.375,0.375
univariate,train,Beras,7,763,0.375,0.375,0.375,0.375,0.375,0.375,0.375,0.375
univariate,train,Beras,7,764,0.375,0.375,0.375,0.375,0.375,0.375,0.375,0.375
univariate,train,Beras,7,765,0.375,0.375,0.375,0.375,0.375,0.375,0.375,0.375
univariate,train,Beras,7,766,0.375,0.375,0.375,0.375,0.375,0.375,0.375,0.375
univariate,train,Beras,7,767,0.375,0.375,0.375,0.375,0.375,0.375,0.375,0.375
univariate,train,Beras,7,768,0.375,0.375,0.375,0.375,0.375,0.375,0.375,0.484375
univariate,train,Beras,7,769,0.375,0.375,0.375,0.375,0.375,0.375,0.484375,0.546875
univariate,train,Beras,7,770,0.375,0.375,0.375,0.375,0.375,0.484375,0.546875,0.546875
univariate,train,Beras,7,771,0.375,0.375,0.375,0.375,0.484375,0.546875,0.546875,0.546875
univariate,train,Beras,7,772,0.375,0.375,0.375,0.484375,0.546875,0.546875,0.546875,0.546875
univariate,train,Beras,7,773,0.375,0.375,0.484375,0.546875,0.546875,0.546875,0.546875,0.546875
univariate,train,Beras,7,774,0.375,0.484375,0.546875,0.546875,0.546875,0.546875,0.546875,0.546875
univariate,train,Beras,7,775,0.484375,0.546875,0.546875,0.546875,0.546875,0.546875,0.546875,0.546875
univariate,train,Beras,7,776,0.546875,0.546875,0.546875,0.546875,0.546875,0.546875,0.546875,0.546875
univariate,train,Beras,7,777,0.546875,0.546875,0.546875,0.546875,0.546875,0.546875,0.546875,0.546875
univariate,train,Beras,7,778,0.546875,0.546875,0.546875,0.546875,0.546875,0.546875,0.546875,0.546875
univariate,train,Beras,7,779,0.546875,0.546875,0.546875,0.546875,0.546875,0.546875,0.546875,0.546875
univariate,train,Beras,7,780,0.546875,0.546875,0.546875,0.546875,0.546875,0.546875,0.546875,0.546875
univariate,train,Beras,7,781,0.546875,0.546875,0.546875,0.546875,0.546875,0.546875,0.546875,0.546875
univariate,train,Beras,7,782,0.546875,0.546875,0.546875,0.546875,0.546875,0.546875,0.546875,0.546875
univariate,train,Beras,7,783,0.546875,0.546875,0.546875,0.546875,0.546875,0.546875,0.546875,0.546875
univariate,train,Beras,7,784,0.546875,0.546875,0.546875,0.546875,0.546875,0.546875,0.546875,0.546875
univariate,train,Beras,7,785,0.546875,0.546875,0.546875,0.546875,0.546875,0.546875,0.546875,0.546875
univariate,train,Beras,7,786,0.546875,0.546875,0.546875,0.546875,0.546875,0.546875,0.546875,0.546875
univariate,train,Beras,7,787,0.546875,0.546875,0.546875,0.546875,0.546875,0.546875,0.546875,0.546875
univariate,train,Beras,7,788,0.546875,0.546875,0.546875,0.546875,0.546875,0.546875,0.546875,0.546875
univariate,train,Beras,7,789,0.546875,0.546875,0.546875,0.546875,0.546875,0.546875,0.546875,0.546875
univariate,train,Beras,7,790,0.546875,0.546875,0.546875,0.546875,0.546875,0.546875,0.546875,0.6875
univariate,train,Beras,7,791,0.546875,0.546875,0.546875,0.546875,0.546875,0.546875,0.6875,0.671875
univariate,train,Beras,7,792,0.546875,0.546875,0.546875,0.546875,0.546875,0.6875,0.671875,0.671875
univariate,train,Beras,7,793,0.546875,0.546875,0.546875,0.546875,0.6875,0.671875,0.671875,0.671875
univariate,train,Beras,7,794,0.546875,0.546875,0.546875,0.6875,0.671875,0.671875,0.671875,0.671875
univariate,train,Beras,7,795,0.546875,0.546875,0.6875,0.671875,0.671875,0.671875,0.671875,0.671875
univariate,train,Beras,7,796,0.546875,0.6875,0.671875,0.671875,0.671875,0.671875,0.671875,0.671875
univariate,train,Beras,7,797,0.6875,0.671875,0.671875,0.671875,0.671875,0.671875,0.671875,0.671875
univariate,train,Beras,7,798,0.671875,0.671875,0.671875,0.671875,0.671875,0.671875,0.671875,0.671875
univariate,train,Beras,7,799,0.671875,0.671875,0.671875,0.671875,0.671875,0.671875,0.671875,0.671875
univariate,train,Beras,7,800,0.671875,0.671875,0.671875,0.671875,0.671875,0.671875,0.671875,0.671875
univariate,train,Beras,7,801,0.671875,0.671875,0.671875,0.671875,0.671875,0.671875,0.671875,0.671875
univariate,train,Beras,7,802,0.671875,0.671875,0.671875,0.671875,0.671875,0.671875,0.671875,0.671875
univariate,train,Beras,7,803,0.671875,0.671875,0.671875,0.671875,0.671875,0.671875,0.671875,0.671875
univariate,train,Beras,7,804,0.671875,0.671875,0.671875,0.671875,0.671875,0.671875,0.671875,0.671875
univariate,train,Beras,7,805,0.671875,0.671875,0.671875,0.671875,0.671875,0.671875,0.671875,0.671875
univariate,train,Beras,7,806,0.671875,0.671875,0.671875,0.671875,0.671875,0.671875,0.671875,0.671875
univariate,train,Beras,7,807,0.671875,0.671875,0.671875,0.671875,0.671875,0.671875,0.671875,0.671875
univariate,train,Beras,7,808,0.671875,0.671875,0.671875,0.671875,0.671875,0.671875,0.671875,0.671875
univariate,train,Beras,7,809,0.671875,0.671875,0.671875,0.671875,0.671875,0.671875,0.671875,0.671875
univariate,train,Beras,7,810,0.671875,0.671875,0.671875,0.671875,0.671875,0.671875,0.671875,0.671875
univariate,train,Beras,7,811,0.671875,0.671875,0.671875,0.671875,0.671875,0.671875,0.671875,0.671875
univariate,train,Beras,7,812,0.671875,0.671875,0.671875,0.671875,0.671875,0.671875,0.671875,0.671875
univariate,train,Beras,7,813,0.671875,0.671875,0.671875,0.671875,0.671875,0.671875,0.671875,0.65625
univariate,train,Beras,7,814,0.671875,0.671875,0.671875,0.671875,0.671875,0.671875,0.65625,0.640625
univariate,train,Beras,7,815,0.671875,0.671875,0.671875,0.671875,0.671875,0.65625,0.640625,0.640625
univariate,train,Beras,7,816,0.671875,0.671875,0.671875,0.671875,0.65625,0.640625,0.640625,0.640625
univariate,train,Beras,7,817,0.671875,0.671875,0.671875,0.65625,0.640625,0.640625,0.640625,0.640625
univariate,train,Beras,7,818,0.671875,0.671875,0.65625,0.640625,0.640625,0.640625,0.640625,0.640625
univariate,train,Beras,7,819,0.671875,0.65625,0.640625,0.640625,0.640625,0.640625,0.640625,0.640625
univariate,train,Beras,7,820,0.65625,0.640625,0.640625,0.640625,0.640625,0.640625,0.640625,0.640625
univariate,train,Beras,7,821,0.640625,0.640625,0.640625,0.640625,0.640625,0.640625,0.640625,0.640625
univariate,train,Beras,7,822,0.640625,0.640625,0.640625,0.640625,0.640625,0.640625,0.640625,0.640625
univariate,train,Beras,7,823,0.640625,0.640625,0.640625,0.640625,0.640625,0.640625,0.640625,0.640625
univariate,train,Beras,7,824,0.640625,0.640625,0.640625,0.640625,0.640625,0.640625,0.640625,0.640625
univariate,train,Beras,7,825,0.640625,0.640625,0.640625,0.640625,0.640625,0.640625,0.640625,0.640625
univariate,train,Beras,7,826,0.640625,0.640625,0.640625,0.640625,0.640625,0.640625,0.640625,0.640625
univariate,train,Beras,7,827,0.640625,0.640625,0.640625,0.640625,0.640625,0.640625,0.640625,0.640625
univariate,train,Beras,7,828,0.640625,0.640625,0.640625,0.640625,0.640625,0.640625,0.640625,0.640625
univariate,train,Beras,7,829,0.640625,0.640625,0.640625,0.640625,0.640625,0.640625,0.640625,0.640625
univariate,train,Beras,7,830,0.640625,0.640625,0.640625,0.640625,0.640625,0.640625,0.640625,0.640625
univariate,train,Beras,7,831,0.640625,0.640625,0.640625,0.640625,0.640625,0.640625,0.640625,0.640625
univariate,train,Beras,7,832,0.640625,0.640625,0.640625,0.640625,0.640625,0.640625,0.640625,0.640625
univariate,train,Beras,7,833,0.640625,0.640625,0.640625,0.640625,0.640625,0.640625,0.640625,0.765625
univariate,train,Beras,7,834,0.640625,0.640625,0.640625,0.640625,0.640625,0.640625,0.765625,0.78125
univariate,train,Beras,7,835,0.640625,0.640625,0.640625,0.640625,0.640625,0.765625,0.78125,0.78125
univariate,train,Beras,7,836,0.640625,0.640625,0.640625,0.640625,0.765625,0.78125,0.78125,0.78125
univariate,train,Beras,7,837,0.640625,0.640625,0.640625,0.765625,0.78125,0.78125,0.78125,0.78125
univariate,train,Beras,7,838,0.640625,0.640625,0.765625,0.78125,0.78125,0.78125,0.78125,0.78125
univariate,train,Beras,7,839,0.640625,0.765625,0.78125,0.78125,0.78125,0.78125,0.78125,0.78125
univariate,train,Beras,7,840,0.765625,0.78125,0.78125,0.78125,0.78125,0.78125,0.78125,0.78125
univariate,train,Beras,7,841,0.78125,0.78125,0.78125,0.78125,0.78125,0.78125,0.78125,0.78125
univariate,train,Beras,7,842,0.78125,0.78125,0.78125,0.78125,0.78125,0.78125,0.78125,0.78125
univariate,train,Beras,7,843,0.78125,0.78125,0.78125,0.78125,0.78125,0.78125,0.78125,0.78125
univariate,train,Beras,7,844,0.78125,0.78125,0.78125,0.78125,0.78125,0.78125,0.78125,0.78125
univariate,train,Beras,7,845,0.78125,0.78125,0.78125,0.78125,0.78125,0.78125,0.78125,0.78125
univariate,train,Beras,7,846,0.78125,0.78125,0.78125,0.78125,0.78125,0.78125,0.78125,0.78125
univariate,train,Beras,7,847,0.78125,0.78125,0.78125,0.78125,0.78125,0.78125,0.78125,0.78125
univariate,train,Beras,7,848,0.78125,0.78125,0.78125,0.78125,0.78125,0.78125,0.78125,0.78125
univariate,train,Beras,7,849,0.78125,0.78125,0.78125,0.78125,0.78125,0.78125,0.78125,0.78125
univariate,train,Beras,7,850,0.78125,0.78125,0.78125,0.78125,0.78125,0.78125,0.78125,0.78125
univariate,train,Beras,7,851,0.78125,0.78125,0.78125,0.78125,0.78125,0.78125,0.78125,0.78125
univariate,train,Beras,7,852,0.78125,0.78125,0.78125,0.78125,0.78125,0.78125,0.78125,0.78125
univariate,train,Beras,7,853,0.78125,0.78125,0.78125,0.78125,0.78125,0.78125,0.78125,0.78125
univariate,train,Beras,7,854,0.78125,0.78125,0.78125,0.78125,0.78125,0.78125,0.78125,0.78125
univariate,train,Beras,7,855,0.78125,0.78125,0.78125,0.78125,0.78125,0.78125,0.78125,0.875
univariate,train,Beras,7,856,0.78125,0.78125,0.78125,0.78125,0.78125,0.78125,0.875,0.65625
univariate,train,Beras,7,857,0.78125,0.78125,0.78125,0.78125,0.78125,0.875,0.65625,0.65625
univariate,train,Beras,7,858,0.78125,0.78125,0.78125,0.78125,0.875,0.65625,0.65625,0.65625
univariate,train,Beras,7,859,0.78125,0.78125,0.78125,0.875,0.65625,0.65625,0.65625,0.65625
univariate,train,Beras,7,860,0.78125,0.78125,0.875,0.65625,0.65625,0.65625,0.65625,0.65625
univariate,train,Beras,7,861,0.78125,0.875,0.65625,0.65625,0.65625,0.65625,0.65625,0.65625
univariate,train,Beras,7,862,0.875,0.65625,0.65625,0.65625,0.65625,0.65625,0.65625,0.65625
univariate,train,Beras,7,863,0.65625,0.65625,0.65625,0.65625,0.65625,0.65625,0.65625,0.65625
univariate,train,Beras,7,864,0.65625,0.65625,0.65625,0.65625,0.65625,0.65625,0.65625,0.65625
univariate,train,Beras,7,865,0.65625,0.65625,0.65625,0.65625,0.65625,0.65625,0.65625,0.65625
univariate,train,Beras,7,866,0.65625,0.65625,0.65625,0.65625,0.65625,0.65625,0.65625,0.65625
univariate,train,Beras,7,867,0.65625,0.65625,0.65625,0.65625,0.65625,0.65625,0.65625,0.65625
univariate,train,Beras,7,868,0.65625,0.65625,0.65625,0.65625,0.65625,0.65625,0.65625,0.65625
univariate,train,Beras,7,869,0.65625,0.65625,0.65625,0.65625,0.65625,0.65625,0.65625,0.65625
univariate,train,Beras,7,870,0.65625,0.65625,0.65625,0.65625,0.65625,0.65625,0.65625,0.65625
univariate,train,Beras,7,871,0.65625,0.65625,0.65625,0.65625,0.65625,0.65625,0.65625,0.65625
univariate,train,Beras,7,872,0.65625,0.65625,0.65625,0.65625,0.65625,0.65625,0.65625,0.65625
univariate,train,Beras,7,873,0.65625,0.65625,0.65625,0.65625,0.65625,0.65625,0.65625,0.65625
univariate,train,Beras,7,874,0.65625,0.65625,0.65625,0.65625,0.65625,0.65625,0.65625,0.65625
univariate,train,Beras,7,875,0.65625,0.65625,0.65625,0.65625,0.65625,0.65625,0.65625,0.65625
univariate,train,Beras,7,876,0.65625,0.65625,0.65625,0.65625,0.65625,0.65625,0.65625,0.65625
univariate,train,Beras,7,877,0.65625,0.65625,0.65625,0.65625,0.65625,0.65625,0.65625,0.671875
univariate,train,Beras,7,878,0.65625,0.65625,0.65625,0.65625,0.65625,0.65625,0.671875,0.671875
univariate,train,Beras,7,879,0.65625,0.65625,0.65625,0.65625,0.65625,0.671875,0.671875,0.671875
univariate,train,Beras,7,880,0.65625,0.65625,0.65625,0.65625,0.671875,0.671875,0.671875,0.671875
univariate,train,Beras,7,881,0.65625,0.65625,0.65625,0.671875,0.671875,0.671875,0.671875,0.671875
univariate,train,Beras,7,882,0.65625,0.65625,0.671875,0.671875,0.671875,0.671875,0.671875,0.671875
univariate,train,Beras,7,883,0.65625,0.671875,0.671875,0.671875,0.671875,0.671875,0.671875,0.671875
univariate,train,Beras,7,884,0.671875,0.671875,0.671875,0.671875,0.671875,0.671875,0.671875,0.671875
univariate,train,Beras,7,885,0.671875,0.671875,0.671875,0.671875,0.671875,0.671875,0.671875,0.671875
univariate,train,Beras,7,886,0.671875,0.671875,0.671875,0.671875,0.671875,0.671875,0.671875,0.671875
univariate,train,Beras,7,887,0.671875,0.671875,0.671875,0.671875,0.671875,0.671875,0.671875,0.671875
univariate,train,Beras,7,888,0.671875,0.671875,0.671875,0.671875,0.671875,0.671875,0.671875,0.671875
univariate,train,Beras,7,889,0.671875,0.671875,0.671875,0.671875,0.671875,0.671875,0.671875,0.671875
univariate,train,Beras,7,890,0.671875,0.671875,0.671875,0.671875,0.671875,0.671875,0.671875,0.671875
univariate,train,Beras,7,891,0.671875,0.671875,0.671875,0.671875,0.671875,0.671875,0.671875,0.671875
univariate,train,Beras,7,892,0.671875,0.671875,0.671875,0.671875,0.671875,0.671875,0.671875,0.671875
univariate,train,Beras,7,893,0.671875,0.671875,0.671875,0.671875,0.671875,0.671875,0.671875,0.671875
univariate,train,Beras,7,894,0.671875,0.671875,0.671875,0.671875,0.671875,0.671875,0.671875,0.671875
univariate,train,Beras,7,895,0.671875,0.671875,0.671875,0.671875,0.671875,0.671875,0.671875,0.671875
univariate,train,Beras,7,896,0.671875,0.671875,0.671875,0.671875,0.671875,0.671875,0.671875,0.671875
univariate,train,Beras,7,897,0.671875,0.671875,0.671875,0.671875,0.671875,0.671875,0.671875,0.671875
univariate,train,Beras,7,898,0.671875,0.671875,0.671875,0.671875,0.671875,0.671875,0.671875,0.671875
univariate,train,Beras,7,899,0.671875,0.671875,0.671875,0.671875,0.671875,0.671875,0.671875,0.640625
univariate,train,Beras,7,900,0.671875,0.671875,0.671875,0.671875,0.671875,0.671875,0.640625,0.640625
univariate,train,Beras,7,901,0.671875,0.671875,0.671875,0.671875,0.671875,0.640625,0.640625,0.640625
univariate,train,Beras,7,902,0.671875,0.671875,0.671875,0.671875,0.640625,0.640625,0.640625,0.640625
univariate,train,Beras,7,903,0.671875,0.671875,0.671875,0.640625,0.640625,0.640625,0.640625,0.640625
univariate,train,Beras,7,904,0.671875,0.671875,0.640625,0.640625,0.640625,0.640625,0.640625,0.640625
univariate,train,Beras,7,905,0.671875,0.640625,0.640625,0.640625,0.640625,0.640625,0.640625,0.640625
univariate,train,Beras,7,906,0.640625,0.640625,0.640625,0.640625,0.640625,0.640625,0.640625,0.640625
univariate,train,Beras,7,907,0.640625,0.640625,0.640625,0.640625,0.640625,0.640625,0.640625,0.640625
univariate,train,Beras,7,908,0.640625,0.640625,0.640625,0.640625,0.640625,0.640625,0.640625,0.640625
univariate,train,Beras,7,909,0.640625,0.640625,0.640625,0.640625,0.640625,0.640625,0.640625,0.640625
univariate,train,Beras,7,910,0.640625,0.640625,0.640625,0.640625,0.640625,0.640625,0.640625,0.640625
univariate,train,Beras,7,911,0.640625,0.640625,0.640625,0.640625,0.640625,0.640625,0.640625,0.640625
univariate,train,Beras,7,912,0.640625,0.640625,0.640625,0.640625,0.640625,0.640625,0.640625,0.640625
univariate,train,Beras,7,913,0.640625,0.640625,0.640625,0.640625,0.640625,0.640625,0.640625,0.640625
univariate,train,Beras,7,914,0.640625,0.640625,0.640625,0.640625,0.640625,0.640625,0.640625,0.640625
univariate,train,Beras,7,915,0.640625,0.640625,0.640625,0.640625,0.640625,0.640625,0.640625,0.640625
univariate,train,Beras,7,916,0.640625,0.640625,0.640625,0.640625,0.640625,0.640625,0.640625,0.640625
univariate,train,Beras,7,917,0.640625,0.640625,0.640625,0.640625,0.640625,0.640625,0.640625,0.640625
univariate,train,Beras,7,918,0.640625,0.640625,0.640625,0.640625,0.640625,0.640625,0.640625,0.640625
univariate,train,Beras,7,919,0.640625,0.640625,0.640625,0.640625,0.640625,0.640625,0.640625,0.640625
univariate,train,Beras,7,920,0.640625,0.640625,0.640625,0.640625,0.640625,0.640625,0.640625,0.640625
univariate,train,Beras,7,921,0.640625,0.640625,0.640625,0.640625,0.640625,0.640625,0.640625,0.640625
univariate,train,Beras,7,922,0.640625,0.640625,0.640625,0.640625,0.640625,0.640625,0.640625,0.640625
univariate,train,Beras,7,923,0.640625,0.640625,0.640625,0.640625,0.640625,0.640625,0.640625,0.640625
univariate,train,Beras,7,924,0.640625,0.640625,0.640625,0.640625,0.640625,0.640625,0.640625,0.640625
univariate,train,Beras,7,925,0.640625,0.640625,0.640625,0.640625,0.640625,0.640625,0.640625,0.640625
univariate,train,Beras,7,926,0.640625,0.640625,0.640625,0.640625,0.640625,0.640625,0.640625,0.640625
univariate,train,Beras,7,927,0.640625,0.640625,0.640625,0.640625,0.640625,0.640625,0.640625,0.640625
univariate,train,Beras,7,928,0.640625,0.640625,0.640625,0.640625,0.640625,0.640625,0.640625,0.640625
univariate,train,Beras,7,929,0.640625,0.640625,0.640625,0.640625,0.640625,0.640625,0.640625,0.640625
univariate,train,Beras,7,930,0.640625,0.640625,0.640625,0.640625,0.640625,0.640625,0.640625,0.640625
univariate,train,Beras,7,931,0.640625,0.640625,0.640625,0.640625,0.640625,0.640625,0.640625,0.640625
univariate,train,Beras,7,932,0.640625,0.640625,0.640625,0.640625,0.640625,0.640625,0.640625,0.640625
univariate,train,Beras,7,933,0.640625,0.640625,0.640625,0.640625,0.640625,0.640625,0.640625,0.640625
univariate,train,Beras,7,934,0.640625,0.640625,0.640625,0.640625,0.640625,0.640625,0.640625,0.640625
univariate,train,Beras,7,935,0.640625,0.640625,0.640625,0.640625,0.640625,0.640625,0.640625,0.640625
univariate,train,Beras,7,936,0.640625,0.640625,0.640625,0.640625,0.640625,0.640625,0.640625,0.640625
univariate,train,Beras,7,937,0.640625,0.640625,0.640625,0.640625,0.640625,0.640625,0.640625,0.640625
univariate,train,Beras,7,938,0.640625,0.640625,0.640625,0.640625,0.640625,0.640625,0.640625,0.640625
univariate,train,Beras,7,939,0.640625,0.640625,0.640625,0.640625,0.640625,0.640625,0.640625,0.640625
univariate,train,Beras,7,940,0.640625,0.640625,0.640625,0.640625,0.640625,0.640625,0.640625,0.640625
univariate,train,Beras,7,941,0.640625,0.640625,0.640625,0.640625,0.640625,0.640625,0.640625,0.640625
univariate,train,Beras,7,942,0.640625,0.640625,0.640625,0.640625,0.640625,0.640625,0.640625,0.640625
univariate,train,Beras,7,943,0.640625,0.640625,0.640625,0.640625,0.640625,0.640625,0.640625,0.75
univariate,train,Beras,7,944,0.640625,0.640625,0.640625,0.640625,0.640625,0.640625,0.75,0.75
univariate,train,Beras,7,945,0.640625,0.640625,0.640625,0.640625,0.640625,0.75,0.75,0.75
univariate,train,Beras,7,946,0.640625,0.640625,0.640625,0.640625,0.75,0.75,0.75,0.75
univariate,train,Beras,7,947,0.640625,0.640625,0.640625,0.75,0.75,0.75,0.75,0.75
univariate,train,Beras,7,948,0.640625,0.640625,0.75,0.75,0.75,0.75,0.75,0.75
univariate,train,Beras,7,949,0.640625,0.75,0.75,0.75,0.75,0.75,0.75,0.75
univariate,train,Beras,7,950,0.75,0.75,0.75,0.75,0.75,0.75,0.75,0.75
univariate,train,Beras,7,951,0.75,0.75,0.75,0.75,0.75,0.75,0.75,0.75
univariate,train,Beras,7,952,0.75,0.75,0.75,0.75,0.75,0.75,0.75,0.75
univariate,train,Beras,7,953,0.75,0.75,0.75,0.75,0.75,0.75,0.75,0.75
univariate,train,Beras,7,954,0.75,0.75,0.75,0.75,0.75,0.75,0.75,0.75
univariate,train,Beras,7,955,0.75,0.75,0.75,0.75,0.75,0.75,0.75,0.75
univariate,train,Beras,7,956,0.75,0.75,0.75,0.75,0.75,0.75,0.75,0.75
univariate,train,Beras,7,957,0.75,0.75,0.75,0.75,0.75,0.75,0.75,0.75
univariate,train,Beras,7,958,0.75,0.75,0.75,0.75,0.75,0.75,0.75,0.75
univariate,train,Beras,7,959,0.75,0.75,0.75,0.75,0.75,0.75,0.75,0.75
univariate,train,Beras,7,960,0.75,0.75,0.75,0.75,0.75,0.75,0.75,0.75
univariate,train,Beras,7,961,0.75,0.75,0.75,0.75,0.75,0.75,0.75,0.75
univariate,train,Beras,7,962,0.75,0.75,0.75,0.75,0.75,0.75,0.75,0.75
univariate,train,Beras,7,963,0.75,0.75,0.75,0.75,0.75,0.75,0.75,0.75
univariate,train,Beras,7,964,0.75,0.75,0.75,0.75,0.75,0.75,0.75,0.96875
univariate,train,Beras,7,965,0.75,0.75,0.75,0.75,0.75,0.75,0.96875,0.96875
univariate,train,Beras,7,966,0.75,0.75,0.75,0.75,0.75,0.96875,0.96875,0.96875
univariate,train,Beras,7,967,0.75,0.75,0.75,0.75,0.96875,0.96875,0.96875,0.96875
univariate,train,Beras,7,968,0.75,0.75,0.75,0.96875,0.96875,0.96875,0.96875,0.96875
univariate,train,Beras,7,969,0.75,0.75,0.96875,0.96875,0.96875,0.96875,0.96875,0.96875
univariate,train,Beras,7,970,0.75,0.96875,0.96875,0.96875,0.96875,0.96875,0.96875,0.96875
univariate,train,Beras,7,971,0.96875,0.96875,0.96875,0.96875,0.96875,0.96875,0.96875,0.96875
univariate,train,Beras,7,972,0.96875,0.96875,0.96875,0.96875,0.96875,0.96875,0.96875,0.96875
univariate,train,Beras,7,973,0.96875,0.96875,0.96875,0.96875,0.96875,0.96875,0.96875,0.96875
univariate,train,Beras,7,974,0.96875,0.96875,0.96875,0.96875,0.96875,0.96875,0.96875,0.96875
univariate,train,Beras,7,975,0.96875,0.96875,0.96875,0.96875,0.96875,0.96875,0.96875,0.96875
univariate,train,Beras,7,976,0.96875,0.96875,0.96875,0.96875,0.96875,0.96875,0.96875,0.96875
univariate,train,Beras,7,977,0.96875,0.96875,0.96875,0.96875,0.96875,0.96875,0.96875,0.96875
univariate,train,Beras,7,978,0.96875,0.96875,0.96875,0.96875,0.96875,0.96875,0.96875,0.96875
univariate,train,Beras,7,979,0.96875,0.96875,0.96875,0.96875,0.96875,0.96875,0.96875,0.96875
univariate,train,Beras,7,980,0.96875,0.96875,0.96875,0.96875,0.96875,0.96875,0.96875,0.96875
univariate,train,Beras,7,981,0.96875,0.96875,0.96875,0.96875,0.96875,0.96875,0.96875,0.96875
univariate,train,Beras,7,982,0.96875,0.96875,0.96875,0.96875,0.96875,0.96875,0.96875,0.96875
univariate,train,Beras,7,983,0.96875,0.96875,0.96875,0.96875,0.96875,0.96875,0.96875,0.96875
univariate,train,Beras,7,984,0.96875,0.96875,0.96875,0.96875,0.96875,0.96875,0.96875,0.96875
univariate,train,Beras,7,985,0.96875,0.96875,0.96875,0.96875,0.96875,0.96875,0.96875,0.96875
univariate,train,Beras,7,986,0.96875,0.96875,0.96875,0.96875,0.96875,0.96875,0.96875,1.0
univariate,train,Beras,7,987,0.96875,0.96875,0.96875,0.96875,0.96875,0.96875,1.0,1.0
univariate,train,Beras,7,988,0.96875,0.96875,0.96875,0.96875,0.96875,1.0,1.0,1.0
univariate,train,Beras,7,989,0.96875,0.96875,0.96875,0.96875,1.0,1.0,1.0,1.0
univariate,train,Beras,7,990,0.96875,0.96875,0.96875,1.0,1.0,1.0,1.0,1.0
univariate,train,Beras,7,991,0.96875,0.96875,1.0,1.0,1.0,1.0,1.0,1.0
univariate,train,Beras,7,992,0.96875,1.0,1.0,1.0,1.0,1.0,1.0,1.0
univariate,train,Beras,7,993,1.0,1.0,1.0,1.0,1.0,1.0,1.0,1.0
univariate,train,Beras,7,994,1.0,1.0,1.0,1.0,1.0,1.0,1.0,1.0
univariate,train,Beras,7,995,1.0,1.0,1.0,1.0,1.0,1.0,1.0,1.0
univariate,train,Beras,7,996,1.0,1.0,1.0,1.0,1.0,1.0,1.0,1.0
univariate,train,Beras,7,997,1.0,1.0,1.0,1.0,1.0,1.0,1.0,1.0
univariate,train,Beras,7,998,1.0,1.0,1.0,1.0,1.0,1.0,1.0,1.0
univariate,train,Beras,7,999,1.0,1.0,1.0,1.0,1.0,1.0,1.0,1.0
univariate,train,Beras,7,1000,1.0,1.0,1.0,1.0,1.0,1.0,1.0,1.0
univariate,train,Beras,7,1001,1.0,1.0,1.0,1.0,1.0,1.0,1.0,1.0
univariate,train,Beras,7,1002,1.0,1.0,1.0,1.0,1.0,1.0,1.0,1.0
univariate,train,Beras,7,1003,1.0,1.0,1.0,1.0,1.0,1.0,1.0,1.0
univariate,train,Beras,7,1004,1.0,1.0,1.0,1.0,1.0,1.0,1.0,1.0
univariate,train,Beras,7,1005,1.0,1.0,1.0,1.0,1.0,1.0,1.0,1.0
univariate,train,Beras,7,1006,1.0,1.0,1.0,1.0,1.0,1.0,1.0,1.0
univariate,train,Beras,7,1007,1.0,1.0,1.0,1.0,1.0,1.0,1.0,1.0
univariate,train,Beras,7,1008,1.0,1.0,1.0,1.0,1.0,1.0,1.0,1.0
univariate,train,Beras,7,1009,1.0,1.0,1.0,1.0,1.0,1.0,1.0,0.96875
univariate,train,Beras,7,1010,1.0,1.0,1.0,1.0,1.0,1.0,0.96875,0.96875
univariate,train,Beras,7,1011,1.0,1.0,1.0,1.0,1.0,0.96875,0.96875,0.96875
univariate,train,Beras,7,1012,1.0,1.0,1.0,1.0,0.96875,0.96875,0.96875,0.96875
univariate,train,Beras,7,1013,1.0,1.0,1.0,0.96875,0.96875,0.96875,0.96875,0.96875
univariate,train,Beras,7,1014,1.0,1.0,0.96875,0.96875,0.96875,0.96875,0.96875,0.96875
univariate,train,Beras,7,1015,1.0,0.96875,0.96875,0.96875,0.96875,0.96875,0.96875,0.96875
univariate,train,Beras,7,1016,0.96875,0.96875,0.96875,0.96875,0.96875,0.96875,0.96875,0.96875
univariate,train,Beras,7,1017,0.96875,0.96875,0.96875,0.96875,0.96875,0.96875,0.96875,0.96875
univariate,train,Beras,7,1018,0.96875,0.96875,0.96875,0.96875,0.96875,0.96875,0.96875,0.96875
univariate,train,Beras,7,1019,0.96875,0.96875,0.96875,0.96875,0.96875,0.96875,0.96875,0.96875
univariate,train,Beras,7,1020,0.96875,0.96875,0.96875,0.96875,0.96875,0.96875,0.96875,0.96875
univariate,train,Beras,7,1021,0.96875,0.96875,0.96875,0.96875,0.96875,0.96875,0.96875,0.96875
univariate,train,Beras,7,1022,0.96875,0.96875,0.96875,0.96875,0.96875,0.96875,0.96875,0.96875
univariate,train,Beras,7,1023,0.96875,0.96875,0.96875,0.96875,0.96875,0.96875,0.96875,0.96875
univariate,train,Beras,7,1024,0.96875,0.96875,0.96875,0.96875,0.96875,0.96875,0.96875,0.96875
univariate,train,Beras,7,1025,0.96875,0.96875,0.96875,0.96875,0.96875,0.96875,0.96875,0.96875
univariate,train,Beras,7,1026,0.96875,0.96875,0.96875,0.96875,0.96875,0.96875,0.96875,0.96875
univariate,train,Beras,7,1027,0.96875,0.96875,0.96875,0.96875,0.96875,0.96875,0.96875,0.96875
univariate,train,Beras,7,1028,0.96875,0.96875,0.96875,0.96875,0.96875,0.96875,0.96875,0.96875
univariate,train,Beras,7,1029,0.96875,0.96875,0.96875,0.96875,0.96875,0.96875,0.96875,0.953125
univariate,train,Beras,7,1030,0.96875,0.96875,0.96875,0.96875,0.96875,0.96875,0.953125,0.953125
univariate,train,Beras,7,1031,0.96875,0.96875,0.96875,0.96875,0.96875,0.953125,0.953125,0.984375
univariate,train,Beras,7,1032,0.96875,0.96875,0.96875,0.96875,0.953125,0.953125,0.984375,0.984375
univariate,train,Beras,7,1033,0.96875,0.96875,0.96875,0.953125,0.953125,0.984375,0.984375,0.984375
univariate,train,Beras,7,1034,0.96875,0.96875,0.953125,0.953125,0.984375,0.984375,0.984375,0.984375
univariate,train,Beras,7,1035,0.96875,0.953125,0.953125,0.984375,0.984375,0.984375,0.984375,0.984375
univariate,train,Beras,7,1036,0.953125,0.953125,0.984375,0.984375,0.984375,0.984375,0.984375,0.984375
univariate,train,Beras,7,1037,0.953125,0.984375,0.984375,0.984375,0.984375,0.984375,0.984375,0.984375
univariate,train,Beras,7,1038,0.984375,0.984375,0.984375,0.984375,0.984375,0.984375,0.984375,0.984375
univariate,train,Beras,7,1039,0.984375,0.984375,0.984375,0.984375,0.984375,0.984375,0.984375,0.984375
univariate,train,Beras,7,1040,0.984375,0.984375,0.984375,0.984375,0.984375,0.984375,0.984375,0.984375
